--
-- PostgreSQL database dump
--

\restrict Vrpiv1N8mAdSinQLQNQyD5HQaQ0MP59J2hw8bVfcLxak5p5korqRqthOVzM4eiq

-- Dumped from database version 15.15
-- Dumped by pg_dump version 15.15

SET statement_timeout = 0;
SET lock_timeout = 0;
SET idle_in_transaction_session_timeout = 0;
SET client_encoding = 'UTF8';
SET standard_conforming_strings = on;
SELECT pg_catalog.set_config('search_path', '', false);
SET check_function_bodies = false;
SET xmloption = content;
SET client_min_messages = warning;
SET row_security = off;

SET default_tablespace = '';

SET default_table_access_method = heap;

--
-- Name: accounts_customuser; Type: TABLE; Schema: public; Owner: ong_user
--

CREATE TABLE public.accounts_customuser (
    id bigint NOT NULL,
    password character varying(128) NOT NULL,
    last_login timestamp with time zone,
    is_superuser boolean NOT NULL,
    first_name character varying(150) NOT NULL,
    last_name character varying(150) NOT NULL,
    is_staff boolean NOT NULL,
    is_active boolean NOT NULL,
    date_joined timestamp with time zone NOT NULL,
    email character varying(254) NOT NULL
);


ALTER TABLE public.accounts_customuser OWNER TO ong_user;

--
-- Name: accounts_customuser_groups; Type: TABLE; Schema: public; Owner: ong_user
--

CREATE TABLE public.accounts_customuser_groups (
    id bigint NOT NULL,
    customuser_id bigint NOT NULL,
    group_id integer NOT NULL
);


ALTER TABLE public.accounts_customuser_groups OWNER TO ong_user;

--
-- Name: accounts_customuser_groups_id_seq; Type: SEQUENCE; Schema: public; Owner: ong_user
--

ALTER TABLE public.accounts_customuser_groups ALTER COLUMN id ADD GENERATED BY DEFAULT AS IDENTITY (
    SEQUENCE NAME public.accounts_customuser_groups_id_seq
    START WITH 1
    INCREMENT BY 1
    NO MINVALUE
    NO MAXVALUE
    CACHE 1
);


--
-- Name: accounts_customuser_id_seq; Type: SEQUENCE; Schema: public; Owner: ong_user
--

ALTER TABLE public.accounts_customuser ALTER COLUMN id ADD GENERATED BY DEFAULT AS IDENTITY (
    SEQUENCE NAME public.accounts_customuser_id_seq
    START WITH 1
    INCREMENT BY 1
    NO MINVALUE
    NO MAXVALUE
    CACHE 1
);


--
-- Name: accounts_customuser_user_permissions; Type: TABLE; Schema: public; Owner: ong_user
--

CREATE TABLE public.accounts_customuser_user_permissions (
    id bigint NOT NULL,
    customuser_id bigint NOT NULL,
    permission_id integer NOT NULL
);


ALTER TABLE public.accounts_customuser_user_permissions OWNER TO ong_user;

--
-- Name: accounts_customuser_user_permissions_id_seq; Type: SEQUENCE; Schema: public; Owner: ong_user
--

ALTER TABLE public.accounts_customuser_user_permissions ALTER COLUMN id ADD GENERATED BY DEFAULT AS IDENTITY (
    SEQUENCE NAME public.accounts_customuser_user_permissions_id_seq
    START WITH 1
    INCREMENT BY 1
    NO MINVALUE
    NO MAXVALUE
    CACHE 1
);


--
-- Name: accounts_emailverificationcode; Type: TABLE; Schema: public; Owner: ong_user
--

CREATE TABLE public.accounts_emailverificationcode (
    id bigint NOT NULL,
    new_email character varying(254) NOT NULL,
    code character varying(6) NOT NULL,
    created_at timestamp with time zone NOT NULL,
    is_used boolean NOT NULL,
    user_id bigint NOT NULL
);


ALTER TABLE public.accounts_emailverificationcode OWNER TO ong_user;

--
-- Name: accounts_emailverificationcode_id_seq; Type: SEQUENCE; Schema: public; Owner: ong_user
--

ALTER TABLE public.accounts_emailverificationcode ALTER COLUMN id ADD GENERATED BY DEFAULT AS IDENTITY (
    SEQUENCE NAME public.accounts_emailverificationcode_id_seq
    START WITH 1
    INCREMENT BY 1
    NO MINVALUE
    NO MAXVALUE
    CACHE 1
);


--
-- Name: accounts_passwordresetcode; Type: TABLE; Schema: public; Owner: ong_user
--

CREATE TABLE public.accounts_passwordresetcode (
    id bigint NOT NULL,
    code character varying(6) NOT NULL,
    created_at timestamp with time zone NOT NULL,
    is_used boolean NOT NULL,
    user_id bigint NOT NULL
);


ALTER TABLE public.accounts_passwordresetcode OWNER TO ong_user;

--
-- Name: accounts_passwordresetcode_id_seq; Type: SEQUENCE; Schema: public; Owner: ong_user
--

ALTER TABLE public.accounts_passwordresetcode ALTER COLUMN id ADD GENERATED BY DEFAULT AS IDENTITY (
    SEQUENCE NAME public.accounts_passwordresetcode_id_seq
    START WITH 1
    INCREMENT BY 1
    NO MINVALUE
    NO MAXVALUE
    CACHE 1
);


--
-- Name: accounts_profile; Type: TABLE; Schema: public; Owner: ong_user
--

CREATE TABLE public.accounts_profile (
    id bigint NOT NULL,
    date_of_birth date,
    nationality character varying(100) NOT NULL,
    user_id bigint NOT NULL
);


ALTER TABLE public.accounts_profile OWNER TO ong_user;

--
-- Name: accounts_profile_id_seq; Type: SEQUENCE; Schema: public; Owner: ong_user
--

ALTER TABLE public.accounts_profile ALTER COLUMN id ADD GENERATED BY DEFAULT AS IDENTITY (
    SEQUENCE NAME public.accounts_profile_id_seq
    START WITH 1
    INCREMENT BY 1
    NO MINVALUE
    NO MAXVALUE
    CACHE 1
);


--
-- Name: auth_group; Type: TABLE; Schema: public; Owner: ong_user
--

CREATE TABLE public.auth_group (
    id integer NOT NULL,
    name character varying(150) NOT NULL
);


ALTER TABLE public.auth_group OWNER TO ong_user;

--
-- Name: auth_group_id_seq; Type: SEQUENCE; Schema: public; Owner: ong_user
--

ALTER TABLE public.auth_group ALTER COLUMN id ADD GENERATED BY DEFAULT AS IDENTITY (
    SEQUENCE NAME public.auth_group_id_seq
    START WITH 1
    INCREMENT BY 1
    NO MINVALUE
    NO MAXVALUE
    CACHE 1
);


--
-- Name: auth_group_permissions; Type: TABLE; Schema: public; Owner: ong_user
--

CREATE TABLE public.auth_group_permissions (
    id bigint NOT NULL,
    group_id integer NOT NULL,
    permission_id integer NOT NULL
);


ALTER TABLE public.auth_group_permissions OWNER TO ong_user;

--
-- Name: auth_group_permissions_id_seq; Type: SEQUENCE; Schema: public; Owner: ong_user
--

ALTER TABLE public.auth_group_permissions ALTER COLUMN id ADD GENERATED BY DEFAULT AS IDENTITY (
    SEQUENCE NAME public.auth_group_permissions_id_seq
    START WITH 1
    INCREMENT BY 1
    NO MINVALUE
    NO MAXVALUE
    CACHE 1
);


--
-- Name: auth_permission; Type: TABLE; Schema: public; Owner: ong_user
--

CREATE TABLE public.auth_permission (
    id integer NOT NULL,
    name character varying(255) NOT NULL,
    content_type_id integer NOT NULL,
    codename character varying(100) NOT NULL
);


ALTER TABLE public.auth_permission OWNER TO ong_user;

--
-- Name: auth_permission_id_seq; Type: SEQUENCE; Schema: public; Owner: ong_user
--

ALTER TABLE public.auth_permission ALTER COLUMN id ADD GENERATED BY DEFAULT AS IDENTITY (
    SEQUENCE NAME public.auth_permission_id_seq
    START WITH 1
    INCREMENT BY 1
    NO MINVALUE
    NO MAXVALUE
    CACHE 1
);


--
-- Name: cart_cart; Type: TABLE; Schema: public; Owner: ong_user
--

CREATE TABLE public.cart_cart (
    id bigint NOT NULL,
    created_at timestamp with time zone NOT NULL,
    updated_at timestamp with time zone NOT NULL,
    user_id bigint NOT NULL
);


ALTER TABLE public.cart_cart OWNER TO ong_user;

--
-- Name: cart_cart_id_seq; Type: SEQUENCE; Schema: public; Owner: ong_user
--

ALTER TABLE public.cart_cart ALTER COLUMN id ADD GENERATED BY DEFAULT AS IDENTITY (
    SEQUENCE NAME public.cart_cart_id_seq
    START WITH 1
    INCREMENT BY 1
    NO MINVALUE
    NO MAXVALUE
    CACHE 1
);


--
-- Name: cart_cartitem; Type: TABLE; Schema: public; Owner: ong_user
--

CREATE TABLE public.cart_cartitem (
    id bigint NOT NULL,
    added_at timestamp with time zone NOT NULL,
    cart_id bigint NOT NULL,
    course_id bigint NOT NULL
);


ALTER TABLE public.cart_cartitem OWNER TO ong_user;

--
-- Name: cart_cartitem_id_seq; Type: SEQUENCE; Schema: public; Owner: ong_user
--

ALTER TABLE public.cart_cartitem ALTER COLUMN id ADD GENERATED BY DEFAULT AS IDENTITY (
    SEQUENCE NAME public.cart_cartitem_id_seq
    START WITH 1
    INCREMENT BY 1
    NO MINVALUE
    NO MAXVALUE
    CACHE 1
);


--
-- Name: checkout_order; Type: TABLE; Schema: public; Owner: ong_user
--

CREATE TABLE public.checkout_order (
    id bigint NOT NULL,
    created_at timestamp with time zone NOT NULL,
    updated_at timestamp with time zone NOT NULL,
    stripe_payment_intent_id character varying(255),
    payment_method character varying(20) NOT NULL,
    payment_status character varying(20) NOT NULL,
    pix_qr_code text,
    pix_code text,
    total_amount numeric(10,2) NOT NULL,
    currency character varying(3) NOT NULL,
    user_id bigint NOT NULL
);


ALTER TABLE public.checkout_order OWNER TO ong_user;

--
-- Name: checkout_order_id_seq; Type: SEQUENCE; Schema: public; Owner: ong_user
--

ALTER TABLE public.checkout_order ALTER COLUMN id ADD GENERATED BY DEFAULT AS IDENTITY (
    SEQUENCE NAME public.checkout_order_id_seq
    START WITH 1
    INCREMENT BY 1
    NO MINVALUE
    NO MAXVALUE
    CACHE 1
);


--
-- Name: checkout_orderitem; Type: TABLE; Schema: public; Owner: ong_user
--

CREATE TABLE public.checkout_orderitem (
    id bigint NOT NULL,
    price numeric(10,2) NOT NULL,
    course_id bigint NOT NULL,
    order_id bigint NOT NULL
);


ALTER TABLE public.checkout_orderitem OWNER TO ong_user;

--
-- Name: checkout_orderitem_id_seq; Type: SEQUENCE; Schema: public; Owner: ong_user
--

ALTER TABLE public.checkout_orderitem ALTER COLUMN id ADD GENERATED BY DEFAULT AS IDENTITY (
    SEQUENCE NAME public.checkout_orderitem_id_seq
    START WITH 1
    INCREMENT BY 1
    NO MINVALUE
    NO MAXVALUE
    CACHE 1
);


--
-- Name: courses_course; Type: TABLE; Schema: public; Owner: ong_user
--

CREATE TABLE public.courses_course (
    id bigint NOT NULL,
    name character varying(200) NOT NULL,
    description text NOT NULL,
    price numeric(10,2) NOT NULL,
    image_url character varying(500) NOT NULL,
    created_at timestamp with time zone NOT NULL,
    is_active boolean NOT NULL
);


ALTER TABLE public.courses_course OWNER TO ong_user;

--
-- Name: courses_course_id_seq; Type: SEQUENCE; Schema: public; Owner: ong_user
--

ALTER TABLE public.courses_course ALTER COLUMN id ADD GENERATED BY DEFAULT AS IDENTITY (
    SEQUENCE NAME public.courses_course_id_seq
    START WITH 1
    INCREMENT BY 1
    NO MINVALUE
    NO MAXVALUE
    CACHE 1
);


--
-- Name: courses_enrollment; Type: TABLE; Schema: public; Owner: ong_user
--

CREATE TABLE public.courses_enrollment (
    id bigint NOT NULL,
    acquired_at timestamp with time zone NOT NULL,
    source character varying(20) NOT NULL,
    course_id bigint NOT NULL,
    user_id bigint NOT NULL
);


ALTER TABLE public.courses_enrollment OWNER TO ong_user;

--
-- Name: courses_enrollment_id_seq; Type: SEQUENCE; Schema: public; Owner: ong_user
--

ALTER TABLE public.courses_enrollment ALTER COLUMN id ADD GENERATED BY DEFAULT AS IDENTITY (
    SEQUENCE NAME public.courses_enrollment_id_seq
    START WITH 1
    INCREMENT BY 1
    NO MINVALUE
    NO MAXVALUE
    CACHE 1
);


--
-- Name: courses_lesson; Type: TABLE; Schema: public; Owner: ong_user
--

CREATE TABLE public.courses_lesson (
    id bigint NOT NULL,
    title character varying(200) NOT NULL,
    content text NOT NULL,
    video_url character varying(500) NOT NULL,
    duration_minutes integer,
    "order" integer NOT NULL,
    is_published boolean NOT NULL,
    created_at timestamp with time zone NOT NULL,
    updated_at timestamp with time zone NOT NULL,
    module_id bigint NOT NULL,
    CONSTRAINT courses_lesson_duration_minutes_check CHECK ((duration_minutes >= 0)),
    CONSTRAINT courses_lesson_order_check CHECK (("order" >= 0))
);


ALTER TABLE public.courses_lesson OWNER TO ong_user;

--
-- Name: courses_lesson_id_seq; Type: SEQUENCE; Schema: public; Owner: ong_user
--

ALTER TABLE public.courses_lesson ALTER COLUMN id ADD GENERATED BY DEFAULT AS IDENTITY (
    SEQUENCE NAME public.courses_lesson_id_seq
    START WITH 1
    INCREMENT BY 1
    NO MINVALUE
    NO MAXVALUE
    CACHE 1
);


--
-- Name: courses_module; Type: TABLE; Schema: public; Owner: ong_user
--

CREATE TABLE public.courses_module (
    id bigint NOT NULL,
    title character varying(200) NOT NULL,
    description text NOT NULL,
    "order" integer NOT NULL,
    is_published boolean NOT NULL,
    created_at timestamp with time zone NOT NULL,
    updated_at timestamp with time zone NOT NULL,
    course_id bigint NOT NULL,
    CONSTRAINT courses_module_order_check CHECK (("order" >= 0))
);


ALTER TABLE public.courses_module OWNER TO ong_user;

--
-- Name: courses_module_id_seq; Type: SEQUENCE; Schema: public; Owner: ong_user
--

ALTER TABLE public.courses_module ALTER COLUMN id ADD GENERATED BY DEFAULT AS IDENTITY (
    SEQUENCE NAME public.courses_module_id_seq
    START WITH 1
    INCREMENT BY 1
    NO MINVALUE
    NO MAXVALUE
    CACHE 1
);


--
-- Name: courses_question; Type: TABLE; Schema: public; Owner: ong_user
--

CREATE TABLE public.courses_question (
    id bigint NOT NULL,
    question_text text NOT NULL,
    question_type character varying(20) NOT NULL,
    explanation text NOT NULL,
    points integer NOT NULL,
    created_at timestamp with time zone NOT NULL,
    updated_at timestamp with time zone NOT NULL,
    course_id bigint NOT NULL,
    CONSTRAINT courses_question_points_check CHECK ((points >= 0))
);


ALTER TABLE public.courses_question OWNER TO ong_user;

--
-- Name: courses_question_id_seq; Type: SEQUENCE; Schema: public; Owner: ong_user
--

ALTER TABLE public.courses_question ALTER COLUMN id ADD GENERATED BY DEFAULT AS IDENTITY (
    SEQUENCE NAME public.courses_question_id_seq
    START WITH 1
    INCREMENT BY 1
    NO MINVALUE
    NO MAXVALUE
    CACHE 1
);


--
-- Name: courses_questionoption; Type: TABLE; Schema: public; Owner: ong_user
--

CREATE TABLE public.courses_questionoption (
    id bigint NOT NULL,
    option_text character varying(500) NOT NULL,
    is_correct boolean NOT NULL,
    "order" integer NOT NULL,
    question_id bigint NOT NULL,
    CONSTRAINT courses_questionoption_order_check CHECK (("order" >= 0))
);


ALTER TABLE public.courses_questionoption OWNER TO ong_user;

--
-- Name: courses_questionoption_id_seq; Type: SEQUENCE; Schema: public; Owner: ong_user
--

ALTER TABLE public.courses_questionoption ALTER COLUMN id ADD GENERATED BY DEFAULT AS IDENTITY (
    SEQUENCE NAME public.courses_questionoption_id_seq
    START WITH 1
    INCREMENT BY 1
    NO MINVALUE
    NO MAXVALUE
    CACHE 1
);


--
-- Name: courses_quiz; Type: TABLE; Schema: public; Owner: ong_user
--

CREATE TABLE public.courses_quiz (
    id bigint NOT NULL,
    title character varying(200) NOT NULL,
    description text NOT NULL,
    passing_score integer NOT NULL,
    max_attempts integer NOT NULL,
    time_limit_minutes integer,
    "order" integer NOT NULL,
    is_published boolean NOT NULL,
    created_at timestamp with time zone NOT NULL,
    updated_at timestamp with time zone NOT NULL,
    module_id bigint NOT NULL,
    CONSTRAINT courses_quiz_max_attempts_check CHECK ((max_attempts >= 0)),
    CONSTRAINT courses_quiz_order_check CHECK (("order" >= 0)),
    CONSTRAINT courses_quiz_passing_score_check CHECK ((passing_score >= 0)),
    CONSTRAINT courses_quiz_time_limit_minutes_check CHECK ((time_limit_minutes >= 0))
);


ALTER TABLE public.courses_quiz OWNER TO ong_user;

--
-- Name: courses_quiz_id_seq; Type: SEQUENCE; Schema: public; Owner: ong_user
--

ALTER TABLE public.courses_quiz ALTER COLUMN id ADD GENERATED BY DEFAULT AS IDENTITY (
    SEQUENCE NAME public.courses_quiz_id_seq
    START WITH 1
    INCREMENT BY 1
    NO MINVALUE
    NO MAXVALUE
    CACHE 1
);


--
-- Name: courses_quizattempt; Type: TABLE; Schema: public; Owner: ong_user
--

CREATE TABLE public.courses_quizattempt (
    id bigint NOT NULL,
    score numeric(5,2) NOT NULL,
    passed boolean NOT NULL,
    started_at timestamp with time zone NOT NULL,
    submitted_at timestamp with time zone,
    attempt_number integer NOT NULL,
    quiz_id bigint NOT NULL,
    user_id bigint NOT NULL,
    CONSTRAINT courses_quizattempt_attempt_number_check CHECK ((attempt_number >= 0))
);


ALTER TABLE public.courses_quizattempt OWNER TO ong_user;

--
-- Name: courses_quizattempt_id_seq; Type: SEQUENCE; Schema: public; Owner: ong_user
--

ALTER TABLE public.courses_quizattempt ALTER COLUMN id ADD GENERATED BY DEFAULT AS IDENTITY (
    SEQUENCE NAME public.courses_quizattempt_id_seq
    START WITH 1
    INCREMENT BY 1
    NO MINVALUE
    NO MAXVALUE
    CACHE 1
);


--
-- Name: courses_quizquestion; Type: TABLE; Schema: public; Owner: ong_user
--

CREATE TABLE public.courses_quizquestion (
    id bigint NOT NULL,
    "order" integer NOT NULL,
    question_id bigint NOT NULL,
    quiz_id bigint NOT NULL,
    CONSTRAINT courses_quizquestion_order_check CHECK (("order" >= 0))
);


ALTER TABLE public.courses_quizquestion OWNER TO ong_user;

--
-- Name: courses_quizquestion_id_seq; Type: SEQUENCE; Schema: public; Owner: ong_user
--

ALTER TABLE public.courses_quizquestion ALTER COLUMN id ADD GENERATED BY DEFAULT AS IDENTITY (
    SEQUENCE NAME public.courses_quizquestion_id_seq
    START WITH 1
    INCREMENT BY 1
    NO MINVALUE
    NO MAXVALUE
    CACHE 1
);


--
-- Name: courses_studentanswer; Type: TABLE; Schema: public; Owner: ong_user
--

CREATE TABLE public.courses_studentanswer (
    id bigint NOT NULL,
    text_answer text NOT NULL,
    is_correct boolean NOT NULL,
    points_earned numeric(5,2) NOT NULL,
    attempt_id bigint NOT NULL,
    question_id bigint NOT NULL,
    selected_option_id bigint
);


ALTER TABLE public.courses_studentanswer OWNER TO ong_user;

--
-- Name: courses_studentanswer_id_seq; Type: SEQUENCE; Schema: public; Owner: ong_user
--

ALTER TABLE public.courses_studentanswer ALTER COLUMN id ADD GENERATED BY DEFAULT AS IDENTITY (
    SEQUENCE NAME public.courses_studentanswer_id_seq
    START WITH 1
    INCREMENT BY 1
    NO MINVALUE
    NO MAXVALUE
    CACHE 1
);


--
-- Name: courses_studentprogress; Type: TABLE; Schema: public; Owner: ong_user
--

CREATE TABLE public.courses_studentprogress (
    id bigint NOT NULL,
    completed boolean NOT NULL,
    completed_at timestamp with time zone,
    score numeric(5,2),
    time_spent_seconds integer,
    lesson_id bigint,
    quiz_id bigint,
    user_id bigint NOT NULL,
    CONSTRAINT courses_studentprogress_time_spent_seconds_check CHECK ((time_spent_seconds >= 0)),
    CONSTRAINT lesson_or_quiz_not_both CHECK ((((lesson_id IS NOT NULL) AND (quiz_id IS NULL)) OR ((lesson_id IS NULL) AND (quiz_id IS NOT NULL))))
);


ALTER TABLE public.courses_studentprogress OWNER TO ong_user;

--
-- Name: courses_studentprogress_id_seq; Type: SEQUENCE; Schema: public; Owner: ong_user
--

ALTER TABLE public.courses_studentprogress ALTER COLUMN id ADD GENERATED BY DEFAULT AS IDENTITY (
    SEQUENCE NAME public.courses_studentprogress_id_seq
    START WITH 1
    INCREMENT BY 1
    NO MINVALUE
    NO MAXVALUE
    CACHE 1
);


--
-- Name: django_admin_log; Type: TABLE; Schema: public; Owner: ong_user
--

CREATE TABLE public.django_admin_log (
    id integer NOT NULL,
    action_time timestamp with time zone NOT NULL,
    object_id text,
    object_repr character varying(200) NOT NULL,
    action_flag smallint NOT NULL,
    change_message text NOT NULL,
    content_type_id integer,
    user_id bigint NOT NULL,
    CONSTRAINT django_admin_log_action_flag_check CHECK ((action_flag >= 0))
);


ALTER TABLE public.django_admin_log OWNER TO ong_user;

--
-- Name: django_admin_log_id_seq; Type: SEQUENCE; Schema: public; Owner: ong_user
--

ALTER TABLE public.django_admin_log ALTER COLUMN id ADD GENERATED BY DEFAULT AS IDENTITY (
    SEQUENCE NAME public.django_admin_log_id_seq
    START WITH 1
    INCREMENT BY 1
    NO MINVALUE
    NO MAXVALUE
    CACHE 1
);


--
-- Name: django_content_type; Type: TABLE; Schema: public; Owner: ong_user
--

CREATE TABLE public.django_content_type (
    id integer NOT NULL,
    app_label character varying(100) NOT NULL,
    model character varying(100) NOT NULL
);


ALTER TABLE public.django_content_type OWNER TO ong_user;

--
-- Name: django_content_type_id_seq; Type: SEQUENCE; Schema: public; Owner: ong_user
--

ALTER TABLE public.django_content_type ALTER COLUMN id ADD GENERATED BY DEFAULT AS IDENTITY (
    SEQUENCE NAME public.django_content_type_id_seq
    START WITH 1
    INCREMENT BY 1
    NO MINVALUE
    NO MAXVALUE
    CACHE 1
);


--
-- Name: django_migrations; Type: TABLE; Schema: public; Owner: ong_user
--

CREATE TABLE public.django_migrations (
    id bigint NOT NULL,
    app character varying(255) NOT NULL,
    name character varying(255) NOT NULL,
    applied timestamp with time zone NOT NULL
);


ALTER TABLE public.django_migrations OWNER TO ong_user;

--
-- Name: django_migrations_id_seq; Type: SEQUENCE; Schema: public; Owner: ong_user
--

ALTER TABLE public.django_migrations ALTER COLUMN id ADD GENERATED BY DEFAULT AS IDENTITY (
    SEQUENCE NAME public.django_migrations_id_seq
    START WITH 1
    INCREMENT BY 1
    NO MINVALUE
    NO MAXVALUE
    CACHE 1
);


--
-- Name: django_session; Type: TABLE; Schema: public; Owner: ong_user
--

CREATE TABLE public.django_session (
    session_key character varying(40) NOT NULL,
    session_data text NOT NULL,
    expire_date timestamp with time zone NOT NULL
);


ALTER TABLE public.django_session OWNER TO ong_user;

--
-- Name: orgs_organization; Type: TABLE; Schema: public; Owner: ong_user
--

CREATE TABLE public.orgs_organization (
    id bigint NOT NULL,
    name character varying(200) NOT NULL,
    created_at timestamp with time zone NOT NULL
);


ALTER TABLE public.orgs_organization OWNER TO ong_user;

--
-- Name: orgs_organization_id_seq; Type: SEQUENCE; Schema: public; Owner: ong_user
--

ALTER TABLE public.orgs_organization ALTER COLUMN id ADD GENERATED BY DEFAULT AS IDENTITY (
    SEQUENCE NAME public.orgs_organization_id_seq
    START WITH 1
    INCREMENT BY 1
    NO MINVALUE
    NO MAXVALUE
    CACHE 1
);


--
-- Name: orgs_orgmember; Type: TABLE; Schema: public; Owner: ong_user
--

CREATE TABLE public.orgs_orgmember (
    id bigint NOT NULL,
    role character varying(10) NOT NULL,
    joined_at timestamp with time zone NOT NULL,
    organization_id bigint NOT NULL,
    user_id bigint NOT NULL
);


ALTER TABLE public.orgs_orgmember OWNER TO ong_user;

--
-- Name: orgs_orgmember_id_seq; Type: SEQUENCE; Schema: public; Owner: ong_user
--

ALTER TABLE public.orgs_orgmember ALTER COLUMN id ADD GENERATED BY DEFAULT AS IDENTITY (
    SEQUENCE NAME public.orgs_orgmember_id_seq
    START WITH 1
    INCREMENT BY 1
    NO MINVALUE
    NO MAXVALUE
    CACHE 1
);


--
-- Name: orgs_orgpackage; Type: TABLE; Schema: public; Owner: ong_user
--

CREATE TABLE public.orgs_orgpackage (
    id bigint NOT NULL,
    name character varying(200) NOT NULL,
    price numeric(10,2) NOT NULL,
    seat_count integer NOT NULL,
    created_at timestamp with time zone NOT NULL,
    is_active boolean NOT NULL,
    organization_id bigint NOT NULL,
    CONSTRAINT orgs_orgpackage_seat_count_check CHECK ((seat_count >= 0))
);


ALTER TABLE public.orgs_orgpackage OWNER TO ong_user;

--
-- Name: orgs_orgpackage_id_seq; Type: SEQUENCE; Schema: public; Owner: ong_user
--

ALTER TABLE public.orgs_orgpackage ALTER COLUMN id ADD GENERATED BY DEFAULT AS IDENTITY (
    SEQUENCE NAME public.orgs_orgpackage_id_seq
    START WITH 1
    INCREMENT BY 1
    NO MINVALUE
    NO MAXVALUE
    CACHE 1
);


--
-- Name: orgs_orgpackageitem; Type: TABLE; Schema: public; Owner: ong_user
--

CREATE TABLE public.orgs_orgpackageitem (
    id bigint NOT NULL,
    course_id bigint NOT NULL,
    org_package_id bigint NOT NULL
);


ALTER TABLE public.orgs_orgpackageitem OWNER TO ong_user;

--
-- Name: orgs_orgpackageitem_id_seq; Type: SEQUENCE; Schema: public; Owner: ong_user
--

ALTER TABLE public.orgs_orgpackageitem ALTER COLUMN id ADD GENERATED BY DEFAULT AS IDENTITY (
    SEQUENCE NAME public.orgs_orgpackageitem_id_seq
    START WITH 1
    INCREMENT BY 1
    NO MINVALUE
    NO MAXVALUE
    CACHE 1
);


--
-- Name: orgs_orgseatassignment; Type: TABLE; Schema: public; Owner: ong_user
--

CREATE TABLE public.orgs_orgseatassignment (
    id bigint NOT NULL,
    assigned_at timestamp with time zone NOT NULL,
    assigned_to_user_id bigint NOT NULL,
    course_id bigint NOT NULL,
    organization_id bigint NOT NULL
);


ALTER TABLE public.orgs_orgseatassignment OWNER TO ong_user;

--
-- Name: orgs_orgseatassignment_id_seq; Type: SEQUENCE; Schema: public; Owner: ong_user
--

ALTER TABLE public.orgs_orgseatassignment ALTER COLUMN id ADD GENERATED BY DEFAULT AS IDENTITY (
    SEQUENCE NAME public.orgs_orgseatassignment_id_seq
    START WITH 1
    INCREMENT BY 1
    NO MINVALUE
    NO MAXVALUE
    CACHE 1
);


--
-- Data for Name: accounts_customuser; Type: TABLE DATA; Schema: public; Owner: ong_user
--

COPY public.accounts_customuser (id, password, last_login, is_superuser, first_name, last_name, is_staff, is_active, date_joined, email) FROM stdin;
1	pbkdf2_sha256$600000$TFJYI5LMNQbpO4OMai3K80$3C1oP7GwU05IoKut92c2YXQZK0mC1yi8UG+BJZcuhBo=	2025-12-17 13:54:37.06824+00	f	Demo	User	f	t	2025-12-17 13:54:36.908797+00	demo@example.com
2	pbkdf2_sha256$600000$G1NW6e5BOiWw4EnQh7r8Gx$EmMXCy/Udb6bdasunEj1Za2zayUQIqdjSmmwngi+yWs=	2025-12-17 14:49:51.67327+00	t			t	t	2025-12-17 14:43:56.613433+00	admin@invisibilidown.org
3	pbkdf2_sha256$600000$U7eUeIybNGRLR8y5MgDrdP$igm0AFXAghOD0GovWQ1ZK/YVd16QyNhKw0rZaXsxvKo=	2025-12-20 13:49:47.13721+00	f			t	t	2025-12-17 14:53:22+00	mauro.apo123+test@gmail.com
4	pbkdf2_sha256$600000$DMS7LfcghJKKCyGADFqv1q$Q1DssJLQ/IcLEx7+hmjXxNdwEwrgCWk4g/lwOVmPTiE=	2025-12-20 21:41:40.268252+00	t			t	t	2025-12-20 14:11:59.792545+00	mauro.apo123+admin@gmail.com
\.


--
-- Data for Name: accounts_customuser_groups; Type: TABLE DATA; Schema: public; Owner: ong_user
--

COPY public.accounts_customuser_groups (id, customuser_id, group_id) FROM stdin;
1	3	1
\.


--
-- Data for Name: accounts_customuser_user_permissions; Type: TABLE DATA; Schema: public; Owner: ong_user
--

COPY public.accounts_customuser_user_permissions (id, customuser_id, permission_id) FROM stdin;
\.


--
-- Data for Name: accounts_emailverificationcode; Type: TABLE DATA; Schema: public; Owner: ong_user
--

COPY public.accounts_emailverificationcode (id, new_email, code, created_at, is_used, user_id) FROM stdin;
1	mauro.apo123@gmail.com	489071	2025-12-17 13:55:53.188287+00	f	1
2	mauro.apo123+test@gmail.com	529419	2025-12-20 14:21:06.667223+00	f	3
3	mauro.apo123+test@gmail.com	766124	2025-12-20 14:22:17.523778+00	t	3
\.


--
-- Data for Name: accounts_passwordresetcode; Type: TABLE DATA; Schema: public; Owner: ong_user
--

COPY public.accounts_passwordresetcode (id, code, created_at, is_used, user_id) FROM stdin;
1	817127	2025-12-20 13:31:33.28696+00	t	3
2	791682	2025-12-20 13:34:12.885974+00	f	3
3	777334	2025-12-20 13:35:50.166476+00	t	3
4	802581	2025-12-20 13:36:36.924404+00	t	3
5	272767	2025-12-20 13:49:16.998708+00	t	3
6	418497	2025-12-20 14:12:43.470102+00	t	4
\.


--
-- Data for Name: accounts_profile; Type: TABLE DATA; Schema: public; Owner: ong_user
--

COPY public.accounts_profile (id, date_of_birth, nationality, user_id) FROM stdin;
1	\N		1
2	\N		2
3	2025-12-09	Test	3
4	\N		4
\.


--
-- Data for Name: auth_group; Type: TABLE DATA; Schema: public; Owner: ong_user
--

COPY public.auth_group (id, name) FROM stdin;
1	CEO
\.


--
-- Data for Name: auth_group_permissions; Type: TABLE DATA; Schema: public; Owner: ong_user
--

COPY public.auth_group_permissions (id, group_id, permission_id) FROM stdin;
1	1	21
2	1	24
3	1	33
4	1	34
5	1	35
6	1	36
7	1	49
8	1	50
9	1	51
10	1	52
11	1	53
12	1	54
13	1	55
14	1	56
15	1	57
16	1	58
17	1	59
18	1	60
19	1	61
20	1	62
21	1	63
22	1	64
23	1	65
24	1	66
25	1	67
26	1	68
27	1	32
28	1	48
29	1	40
30	1	44
31	1	69
32	1	70
33	1	71
34	1	72
35	1	73
36	1	74
37	1	75
38	1	76
39	1	77
40	1	78
41	1	79
42	1	80
43	1	81
44	1	82
45	1	83
46	1	84
47	1	85
48	1	86
49	1	87
50	1	88
51	1	101
52	1	102
53	1	103
54	1	104
55	1	100
56	1	98
\.


--
-- Data for Name: auth_permission; Type: TABLE DATA; Schema: public; Owner: ong_user
--

COPY public.auth_permission (id, name, content_type_id, codename) FROM stdin;
1	Can add log entry	1	add_logentry
2	Can change log entry	1	change_logentry
3	Can delete log entry	1	delete_logentry
4	Can view log entry	1	view_logentry
5	Can add permission	2	add_permission
6	Can change permission	2	change_permission
7	Can delete permission	2	delete_permission
8	Can view permission	2	view_permission
9	Can add group	3	add_group
10	Can change group	3	change_group
11	Can delete group	3	delete_group
12	Can view group	3	view_group
13	Can add content type	4	add_contenttype
14	Can change content type	4	change_contenttype
15	Can delete content type	4	delete_contenttype
16	Can view content type	4	view_contenttype
17	Can add session	5	add_session
18	Can change session	5	change_session
19	Can delete session	5	delete_session
20	Can view session	5	view_session
21	Can add User	6	add_customuser
22	Can change User	6	change_customuser
23	Can delete User	6	delete_customuser
24	Can view User	6	view_customuser
25	Can add Profile	7	add_profile
26	Can change Profile	7	change_profile
27	Can delete Profile	7	delete_profile
28	Can view Profile	7	view_profile
29	Can add Email Verification Code	8	add_emailverificationcode
30	Can change Email Verification Code	8	change_emailverificationcode
31	Can delete Email Verification Code	8	delete_emailverificationcode
32	Can view Email Verification Code	8	view_emailverificationcode
33	Can add Course	9	add_course
34	Can change Course	9	change_course
35	Can delete Course	9	delete_course
36	Can view Course	9	view_course
37	Can add Enrollment	10	add_enrollment
38	Can change Enrollment	10	change_enrollment
39	Can delete Enrollment	10	delete_enrollment
40	Can view Enrollment	10	view_enrollment
41	Can add Cart	11	add_cart
42	Can change Cart	11	change_cart
43	Can delete Cart	11	delete_cart
44	Can view Cart	11	view_cart
45	Can add Cart Item	12	add_cartitem
46	Can change Cart Item	12	change_cartitem
47	Can delete Cart Item	12	delete_cartitem
48	Can view Cart Item	12	view_cartitem
49	Can add Organization	13	add_organization
50	Can change Organization	13	change_organization
51	Can delete Organization	13	delete_organization
52	Can view Organization	13	view_organization
53	Can add Organization Package	14	add_orgpackage
54	Can change Organization Package	14	change_orgpackage
55	Can delete Organization Package	14	delete_orgpackage
56	Can view Organization Package	14	view_orgpackage
57	Can add Organization Seat Assignment	15	add_orgseatassignment
58	Can change Organization Seat Assignment	15	change_orgseatassignment
59	Can delete Organization Seat Assignment	15	delete_orgseatassignment
60	Can view Organization Seat Assignment	15	view_orgseatassignment
61	Can add Organization Package Item	16	add_orgpackageitem
62	Can change Organization Package Item	16	change_orgpackageitem
63	Can delete Organization Package Item	16	delete_orgpackageitem
64	Can view Organization Package Item	16	view_orgpackageitem
65	Can add Organization Member	17	add_orgmember
66	Can change Organization Member	17	change_orgmember
67	Can delete Organization Member	17	delete_orgmember
68	Can view Organization Member	17	view_orgmember
69	Can add Lesson	18	add_lesson
70	Can change Lesson	18	change_lesson
71	Can delete Lesson	18	delete_lesson
72	Can view Lesson	18	view_lesson
73	Can add Module	19	add_module
74	Can change Module	19	change_module
75	Can delete Module	19	delete_module
76	Can view Module	19	view_module
77	Can add Question	20	add_question
78	Can change Question	20	change_question
79	Can delete Question	20	delete_question
80	Can view Question	20	view_question
81	Can add Question Option	21	add_questionoption
82	Can change Question Option	21	change_questionoption
83	Can delete Question Option	21	delete_questionoption
84	Can view Question Option	21	view_questionoption
85	Can add Quiz	22	add_quiz
86	Can change Quiz	22	change_quiz
87	Can delete Quiz	22	delete_quiz
88	Can view Quiz	22	view_quiz
89	Can add Quiz Attempt	23	add_quizattempt
90	Can change Quiz Attempt	23	change_quizattempt
91	Can delete Quiz Attempt	23	delete_quizattempt
92	Can view Quiz Attempt	23	view_quizattempt
93	Can add Student Progress	24	add_studentprogress
94	Can change Student Progress	24	change_studentprogress
95	Can delete Student Progress	24	delete_studentprogress
96	Can view Student Progress	24	view_studentprogress
97	Can add Student Answer	25	add_studentanswer
98	Can change Student Answer	25	change_studentanswer
99	Can delete Student Answer	25	delete_studentanswer
100	Can view Student Answer	25	view_studentanswer
101	Can add Quiz Question	26	add_quizquestion
102	Can change Quiz Question	26	change_quizquestion
103	Can delete Quiz Question	26	delete_quizquestion
104	Can view Quiz Question	26	view_quizquestion
105	Can add Password Reset Token	27	add_passwordresettoken
106	Can change Password Reset Token	27	change_passwordresettoken
107	Can delete Password Reset Token	27	delete_passwordresettoken
108	Can view Password Reset Token	27	view_passwordresettoken
109	Can add Password Reset Code	28	add_passwordresetcode
110	Can change Password Reset Code	28	change_passwordresetcode
111	Can delete Password Reset Code	28	delete_passwordresetcode
112	Can view Password Reset Code	28	view_passwordresetcode
113	Can add Order Item	29	add_orderitem
114	Can change Order Item	29	change_orderitem
115	Can delete Order Item	29	delete_orderitem
116	Can view Order Item	29	view_orderitem
117	Can add Order	30	add_order
118	Can change Order	30	change_order
119	Can delete Order	30	delete_order
120	Can view Order	30	view_order
\.


--
-- Data for Name: cart_cart; Type: TABLE DATA; Schema: public; Owner: ong_user
--

COPY public.cart_cart (id, created_at, updated_at, user_id) FROM stdin;
1	2025-12-17 13:54:37.150023+00	2025-12-17 13:54:37.150038+00	1
2	2025-12-17 14:49:51.720806+00	2025-12-17 14:49:51.72082+00	2
3	2025-12-17 14:54:01.899612+00	2025-12-17 14:54:01.899624+00	3
4	2025-12-20 14:13:04.63674+00	2025-12-20 14:13:04.636753+00	4
\.


--
-- Data for Name: cart_cartitem; Type: TABLE DATA; Schema: public; Owner: ong_user
--

COPY public.cart_cartitem (id, added_at, cart_id, course_id) FROM stdin;
2	2025-12-17 14:50:19.757008+00	2	15
\.


--
-- Data for Name: checkout_order; Type: TABLE DATA; Schema: public; Owner: ong_user
--

COPY public.checkout_order (id, created_at, updated_at, stripe_payment_intent_id, payment_method, payment_status, pix_qr_code, pix_code, total_amount, currency, user_id) FROM stdin;
1	2025-12-20 17:09:07.254289+00	2025-12-20 17:09:07.254305+00	pi_3SgTeRHdUG4TdsRO0CSgFmxn	credit_card	pending	\N	\N	99.90	BRL	3
2	2025-12-20 17:09:50.131697+00	2025-12-20 17:09:50.131711+00	pi_3SgTf8HdUG4TdsRO0I1VZaIC	credit_card	pending	\N	\N	0.50	BRL	3
3	2025-12-20 17:15:53.428116+00	2025-12-20 17:15:53.428129+00	pi_3SgTkzHdUG4TdsRO1nH3OQxy	credit_card	pending	\N	\N	0.50	BRL	3
4	2025-12-20 17:18:41.453164+00	2025-12-20 17:18:41.453181+00	pi_3SgTnhHdUG4TdsRO0r8Qs7j2	credit_card	pending	\N	\N	0.50	BRL	3
5	2025-12-20 17:21:03.785792+00	2025-12-20 17:21:03.785806+00	pi_3SgTq0HdUG4TdsRO0WwXAC57	credit_card	pending	\N	\N	0.50	BRL	3
6	2025-12-20 17:23:32.407297+00	2025-12-20 17:23:32.407312+00	pi_3SgTsOHdUG4TdsRO0irL2mzF	credit_card	pending	\N	\N	0.50	BRL	3
7	2025-12-20 17:25:54.7456+00	2025-12-20 17:25:54.745619+00	pi_3SgTugHdUG4TdsRO170SzAaf	credit_card	pending	\N	\N	0.50	BRL	3
8	2025-12-20 17:25:55.168232+00	2025-12-20 17:25:55.16825+00	pi_3SgTuhHdUG4TdsRO0HsIlN4y	credit_card	pending	\N	\N	0.50	BRL	3
9	2025-12-20 17:29:26.109926+00	2025-12-20 17:29:26.109941+00	pi_3SgTy6HdUG4TdsRO0YyPQvrr	credit_card	pending	\N	\N	0.50	BRL	3
10	2025-12-20 17:40:10.924008+00	2025-12-20 17:40:10.924022+00	pi_3SgU8VHdUG4TdsRO1qafcYsw	credit_card	pending	\N	\N	0.50	BRL	3
11	2025-12-20 17:40:21.099182+00	2025-12-20 17:40:21.099202+00	pi_3SgU8fHdUG4TdsRO0LMmAQKS	credit_card	pending	\N	\N	0.50	BRL	3
12	2025-12-20 17:41:08.709127+00	2025-12-20 17:41:08.709142+00	pi_3SgU9QHdUG4TdsRO0bPHdQbw	credit_card	pending	\N	\N	0.50	BRL	3
\.


--
-- Data for Name: checkout_orderitem; Type: TABLE DATA; Schema: public; Owner: ong_user
--

COPY public.checkout_orderitem (id, price, course_id, order_id) FROM stdin;
1	0.00	13	1
2	99.90	14	1
3	0.50	13	2
4	0.50	13	3
5	0.50	13	4
6	0.50	13	5
7	0.50	13	6
8	0.50	13	7
9	0.50	13	8
10	0.50	13	9
11	0.50	13	10
12	0.50	13	11
13	0.50	13	12
\.


--
-- Data for Name: courses_course; Type: TABLE DATA; Schema: public; Owner: ong_user
--

COPY public.courses_course (id, name, description, price, image_url, created_at, is_active) FROM stdin;
1	Introdu├º├úo ├á S├¡ndrome de Down	Curso completo sobre os fundamentos da S├¡ndrome de Down, caracter├¡sticas e desenvolvimento.	99.90	https://images.unsplash.com/photo-1503676260728-1c00da094a0b?w=400&h=300&fit=crop	2025-12-17 13:49:40.941538+00	t
2	Inclus├úo Escolar	Estrat├®gias e pr├íticas para promover a inclus├úo de crian├ºas com S├¡ndrome de Down na escola.	149.90	https://images.unsplash.com/photo-1427504494785-3a9ca7044f45?w=400&h=300&fit=crop	2025-12-17 13:49:40.945768+00	t
3	Desenvolvimento da Linguagem	T├®cnicas e atividades para estimular o desenvolvimento da linguagem e comunica├º├úo.	129.90	https://images.unsplash.com/photo-1503454537195-1dcabb73ffb9?w=400&h=300&fit=crop	2025-12-17 13:49:40.947218+00	t
4	Alfabetiza├º├úo Inclusiva	M├®todos adaptados de alfabetiza├º├úo para crian├ºas com S├¡ndrome de Down.	179.90	https://images.unsplash.com/photo-1456513080510-7bf3a84b82f8?w=400&h=300&fit=crop	2025-12-17 13:49:40.948717+00	t
5	Autonomia e Vida Independente	Preparando jovens com S├¡ndrome de Down para uma vida mais independente.	159.90	https://images.unsplash.com/photo-1522202176988-66273c2fd55f?w=400&h=300&fit=crop	2025-12-17 13:49:40.950202+00	t
6	Sa├║de e Bem-Estar	Cuidados de sa├║de espec├¡ficos e promo├º├úo do bem-estar para pessoas com S├¡ndrome de Down.	119.90	https://images.unsplash.com/photo-1505751172876-fa1923c5c528?w=400&h=300&fit=crop	2025-12-17 13:49:40.951646+00	t
7	Estimula├º├úo Precoce	Atividades e exerc├¡cios para estimula├º├úo precoce de beb├¬s e crian├ºas pequenas.	139.90	https://images.unsplash.com/photo-1476703993599-0035a21b17a9?w=400&h=300&fit=crop	2025-12-17 13:49:40.953162+00	t
8	Direitos e Legisla├º├úo	Conhecendo os direitos das pessoas com S├¡ndrome de Down e a legisla├º├úo brasileira.	89.90	https://images.unsplash.com/photo-1450101499163-c8848c66ca85?w=400&h=300&fit=crop	2025-12-17 13:49:40.955062+00	t
9	Prepara├º├úo para o Mercado de Trabalho	Desenvolvendo habilidades profissionais e preparando para o mercado de trabalho.	169.90	https://images.unsplash.com/photo-1521737711867-e3b97375f902?w=400&h=300&fit=crop	2025-12-17 13:49:40.956762+00	t
10	Tecnologias Assistivas	Utilizando tecnologias e recursos para apoiar o aprendizado e desenvolvimento.	149.90	https://images.unsplash.com/photo-1488590528505-98d2b5aba04b?w=400&h=300&fit=crop	2025-12-17 13:49:40.958076+00	t
11	Socializa├º├úo e Amizades	Promovendo habilidades sociais e construindo relacionamentos saud├íveis.	109.90	https://images.unsplash.com/photo-1529156069898-49953e39b3ac?w=400&h=300&fit=crop	2025-12-17 13:49:40.959665+00	t
12	M├║sica e Arte Terapia	Usando m├║sica e arte como ferramentas terap├¬uticas e de desenvolvimento.	0.00	https://images.unsplash.com/photo-1507003211169-0a1dd7228f2d?w=400&h=300&fit=crop	2025-12-17 13:49:40.961049+00	t
14	Apoio ├ás Fam├¡lias	Orienta├º├úo e suporte para fam├¡lias de pessoas com S├¡ndrome de Down.	99.90	https://images.unsplash.com/photo-1511632765486-a01980e01a18?w=400&h=300&fit=crop	2025-12-17 13:49:40.9636+00	t
15	Combate ao Racismo Inclusivo	Entendendo e combatendo o racismo inclusivo e a dupla invisibilidade.	0.00	https://images.unsplash.com/photo-1573496359142-b8d87734a5a2?w=400&h=300&fit=crop	2025-12-17 13:49:40.965312+00	t
13	Atividade F├¡sica Adaptada	Exerc├¡cios e atividades f├¡sicas adaptadas para pessoas com S├¡ndrome de Down.	0.50	https://images.unsplash.com/photo-1571019614242-c5c5dee9f50b?w=400&h=300&fit=crop	2025-12-17 13:49:40.962333+00	t
\.


--
-- Data for Name: courses_enrollment; Type: TABLE DATA; Schema: public; Owner: ong_user
--

COPY public.courses_enrollment (id, acquired_at, source, course_id, user_id) FROM stdin;
1	2025-12-17 13:57:19.909363+00	individual	14	1
2	2025-12-20 13:55:50.767417+00	individual	15	3
3	2025-12-20 13:56:11.524578+00	individual	2	3
\.


--
-- Data for Name: courses_lesson; Type: TABLE DATA; Schema: public; Owner: ong_user
--

COPY public.courses_lesson (id, title, content, video_url, duration_minutes, "order", is_published, created_at, updated_at, module_id) FROM stdin;
1	O que ├® Racismo Estrutural?	\n            <h2>Defini├º├úo de Racismo Estrutural</h2>\n            <p>O racismo estrutural ├® um conceito que descreve como o racismo est├í enraizado nas estruturas sociais, pol├¡ticas e econ├┤micas de uma sociedade. N├úo se trata apenas de atos individuais de discrimina├º├úo, mas de um sistema que perpetua desigualdades raciais atrav├®s de institui├º├Áes, pol├¡ticas e pr├íticas.</p>\n            \n            <h3>Caracter├¡sticas Principais:</h3>\n            <ul>\n                <li><strong>Sist├¬mico:</strong> Est├í presente em todas as institui├º├Áes da sociedade</li>\n                <li><strong>Hist├│rico:</strong> Tem ra├¡zes em processos hist├│ricos de coloniza├º├úo e escravid├úo</li>\n                <li><strong>Normalizado:</strong> Muitas vezes ├® invis├¡vel para quem n├úo ├® afetado</li>\n                <li><strong>Reprodutivo:</strong> Se perpetua atrav├®s de gera├º├Áes</li>\n            </ul>\n            \n            <h3>Exemplos na Pr├ítica:</h3>\n            <p>O racismo estrutural se manifesta em diversas ├íreas:</p>\n            <ul>\n                <li>Mercado de trabalho: menor acesso a cargos de lideran├ºa</li>\n                <li>Educa├º├úo: desigualdade no acesso a ensino de qualidade</li>\n                <li>Sa├║de: diferen├ºas no atendimento e nos resultados de sa├║de</li>\n                <li>Justi├ºa: maior encarceramento de pessoas negras</li>\n            </ul>\n            	https://www.youtube.com/watch?v=example1	15	1	t	2025-12-20 13:58:45.594296+00	2025-12-20 13:58:45.594307+00	1
2	Hist├│ria do Racismo no Brasil	\n            <h2>Contexto Hist├│rico</h2>\n            <p>O Brasil foi o ├║ltimo pa├¡s das Am├®ricas a abolir a escravid├úo, em 1888. Mais de 300 anos de escravid├úo deixaram marcas profundas na sociedade brasileira.</p>\n            \n            <h3>Linha do Tempo:</h3>\n            <ul>\n                <li><strong>1500-1888:</strong> Per├¡odo escravocrata - mais de 4 milh├Áes de africanos escravizados</li>\n                <li><strong>1888:</strong> Lei ├üurea - aboli├º├úo sem pol├¡ticas de integra├º├úo</li>\n                <li><strong>1889-1930:</strong> Pol├¡ticas de branqueamento da popula├º├úo</li>\n                <li><strong>1930-1988:</strong> Mito da democracia racial</li>\n                <li><strong>1988-hoje:</strong> Reconhecimento do racismo e pol├¡ticas afirmativas</li>\n            </ul>\n            \n            <h3>Consequ├¬ncias Atuais:</h3>\n            <p>A falta de pol├¡ticas de repara├º├úo ap├│s a aboli├º├úo resultou em:</p>\n            <ul>\n                <li>Desigualdade econ├┤mica persistente</li>\n                <li>Segrega├º├úo espacial nas cidades</li>\n                <li>Sub-representa├º├úo pol├¡tica</li>\n                <li>Estere├│tipos e preconceitos arraigados</li>\n            </ul>\n            		20	2	t	2025-12-20 13:58:45.598342+00	2025-12-20 13:58:45.598356+00	1
3	Recrutamento e Sele├º├úo Inclusivos	\n            <h2>Estrat├®gias para Recrutamento Inclusivo</h2>\n            <p>Um processo de recrutamento inclusivo ├® fundamental para aumentar a diversidade racial nas organiza├º├Áes.</p>\n            \n            <h3>Boas Pr├íticas:</h3>\n            <ul>\n                <li><strong>Divulga├º├úo ampla:</strong> Anunciar vagas em canais diversos, incluindo organiza├º├Áes focadas em diversidade</li>\n                <li><strong>Descri├º├úo inclusiva:</strong> Evitar linguagem que possa afastar candidatos diversos</li>\n                <li><strong>Crit├®rios objetivos:</strong> Definir requisitos claros e mensur├íveis</li>\n                <li><strong>Pain├®is diversos:</strong> Incluir pessoas de diferentes origens nas entrevistas</li>\n                <li><strong>Treinamento anti-vi├®s:</strong> Capacitar recrutadores sobre vieses inconscientes</li>\n            </ul>\n            \n            <h3>Vieses Inconscientes a Evitar:</h3>\n            <ul>\n                <li>Vi├®s de afinidade (contratar pessoas similares a n├│s)</li>\n                <li>Vi├®s de confirma├º├úo (buscar informa├º├Áes que confirmem impress├Áes iniciais)</li>\n                <li>Efeito halo (deixar uma caracter├¡stica influenciar toda avalia├º├úo)</li>\n                <li>Estere├│tipos raciais</li>\n            </ul>\n            	https://www.youtube.com/watch?v=example2	25	1	t	2025-12-20 13:58:45.637447+00	2025-12-20 13:58:45.637457+00	2
4	Criando um Ambiente Acolhedor	\n            <h2>Ambiente de Trabalho Inclusivo</h2>\n            <p>Criar um ambiente onde todos se sintam valorizados e respeitados ├® essencial para reten├º├úo de talentos diversos.</p>\n            \n            <h3>Elementos Fundamentais:</h3>\n            <ul>\n                <li><strong>Pol├¡tica clara:</strong> C├│digo de conduta expl├¡cito contra discrimina├º├úo</li>\n                <li><strong>Lideran├ºa comprometida:</strong> Apoio vis├¡vel da alta gest├úo</li>\n                <li><strong>Grupos de afinidade:</strong> Espa├ºos seguros para troca de experi├¬ncias</li>\n                <li><strong>Mentoria:</strong> Programas de desenvolvimento para profissionais negros</li>\n                <li><strong>Comunica├º├úo aberta:</strong> Canais para reportar discrimina├º├úo</li>\n            </ul>\n            \n            <h3>A├º├Áes Pr├íticas:</h3>\n            <ul>\n                <li>Celebrar datas importantes (Dia da Consci├¬ncia Negra, etc.)</li>\n                <li>Promover palestras e workshops sobre diversidade</li>\n                <li>Revisar materiais de comunica├º├úo para inclus├úo</li>\n                <li>Garantir representatividade em materiais visuais</li>\n                <li>Criar oportunidades iguais de desenvolvimento</li>\n            </ul>\n            		20	2	t	2025-12-20 13:58:45.639056+00	2025-12-20 13:58:45.639066+00	2
5	Identificando Microagress├Áes	\n            <h2>O que s├úo Microagress├Áes?</h2>\n            <p>Microagress├Áes s├úo coment├írios, a├º├Áes ou comportamentos sutis que comunicam mensagens hostis ou negativas sobre grupos marginalizados.</p>\n            \n            <h3>Exemplos Comuns:</h3>\n            <ul>\n                <li>"Voc├¬ ├® muito articulado para uma pessoa negra"</li>\n                <li>Tocar no cabelo de pessoas negras sem permiss├úo</li>\n                <li>"De onde voc├¬ ├® REALMENTE?"</li>\n                <li>Seguir pessoas negras em lojas</li>\n                <li>Assumir que uma pessoa negra ├® menos qualificada</li>\n            </ul>\n            \n            <h3>Impacto das Microagress├Áes:</h3>\n            <ul>\n                <li>Acumula├º├úo causa estresse cr├┤nico</li>\n                <li>Afeta sa├║de mental e f├¡sica</li>\n                <li>Cria ambiente hostil</li>\n                <li>Reduz produtividade e engajamento</li>\n            </ul>\n            \n            <h3>Como Responder:</h3>\n            <ul>\n                <li>Reconhe├ºa o impacto, n├úo apenas a inten├º├úo</li>\n                <li>Pe├ºa esclarecimento: "O que voc├¬ quis dizer com isso?"</li>\n                <li>Eduque quando apropriado</li>\n                <li>Estabele├ºa limites claros</li>\n                <li>Busque apoio quando necess├írio</li>\n            </ul>\n            	https://www.youtube.com/watch?v=example3	18	1	t	2025-12-20 13:58:45.655881+00	2025-12-20 13:58:45.655887+00	3
6	Sendo um Aliado Antirracista	\n            <h2>O Papel do Aliado</h2>\n            <p>Ser antirracista significa tomar a├º├Áes ativas contra o racismo, n├úo apenas n├úo ser racista.</p>\n            \n            <h3>Princ├¡pios da Alian├ºa:</h3>\n            <ul>\n                <li><strong>Educa├º├úo cont├¡nua:</strong> Aprender sobre racismo e suas manifesta├º├Áes</li>\n                <li><strong>Escuta ativa:</strong> Ouvir experi├¬ncias de pessoas negras sem defensividade</li>\n                <li><strong>Amplifica├º├úo:</strong> Usar privil├®gios para dar voz a pessoas marginalizadas</li>\n                <li><strong>A├º├úo:</strong> Intervir quando presenciar racismo</li>\n                <li><strong>Responsabilidade:</strong> Assumir erros e aprender com eles</li>\n            </ul>\n            \n            <h3>A├º├Áes Pr├íticas:</h3>\n            <ul>\n                <li>Questionar piadas e coment├írios racistas</li>\n                <li>Apoiar neg├│cios de pessoas negras</li>\n                <li>Votar em pol├¡ticas antirracistas</li>\n                <li>Educar familiares e amigos</li>\n                <li>Reconhecer e usar seus privil├®gios</li>\n                <li>Participar de movimentos antirracistas</li>\n            </ul>\n            \n            <h3>O que N├âO fazer:</h3>\n            <ul>\n                <li>Esperar que pessoas negras eduquem voc├¬</li>\n                <li>Centralizar sua pr├│pria experi├¬ncia</li>\n                <li>Buscar valida├º├úo por ser "um dos bons"</li>\n                <li>Desistir quando cometer erros</li>\n            </ul>\n            		22	2	t	2025-12-20 13:58:45.657292+00	2025-12-20 13:58:45.6573+00	3
\.


--
-- Data for Name: courses_module; Type: TABLE DATA; Schema: public; Owner: ong_user
--

COPY public.courses_module (id, title, description, "order", is_published, created_at, updated_at, course_id) FROM stdin;
1	M├│dulo 1: Introdu├º├úo ao Racismo Estrutural	Compreenda os conceitos fundamentais do racismo estrutural e suas manifesta├º├Áes na sociedade.	1	t	2025-12-20 13:58:45.59005+00	2025-12-20 13:58:45.590065+00	15
2	M├│dulo 2: Pr├íticas Inclusivas no Ambiente de Trabalho	Aprenda estrat├®gias pr├íticas para promover inclus├úo racial em organiza├º├Áes.	2	t	2025-12-20 13:58:45.635936+00	2025-12-20 13:58:45.635948+00	15
3	M├│dulo 3: Combate ao Racismo no Cotidiano	Estrat├®gias pr├íticas para identificar e combater o racismo em situa├º├Áes do dia a dia.	3	t	2025-12-20 13:58:45.654534+00	2025-12-20 13:58:45.654545+00	15
\.


--
-- Data for Name: courses_question; Type: TABLE DATA; Schema: public; Owner: ong_user
--

COPY public.courses_question (id, question_text, question_type, explanation, points, created_at, updated_at, course_id) FROM stdin;
1	O que caracteriza o racismo estrutural?	MC	O racismo estrutural ├® sist├¬mico, ou seja, est├í presente nas estruturas e institui├º├Áes da sociedade, n├úo apenas em atos individuais.	10	2025-12-20 13:58:45.604464+00	2025-12-20 13:58:45.604476+00	15
2	Em que ano foi abolida a escravid├úo no Brasil?	MC	A Lei ├üurea, que aboliu a escravid├úo no Brasil, foi assinada em 13 de maio de 1888.	10	2025-12-20 13:58:45.620994+00	2025-12-20 13:58:45.621011+00	15
3	O racismo estrutural afeta apenas o mercado de trabalho.	TF	Falso. O racismo estrutural afeta todas as ├íreas da sociedade: educa├º├úo, sa├║de, justi├ºa, moradia, etc.	10	2025-12-20 13:58:45.629728+00	2025-12-20 13:58:45.629746+00	15
4	Qual N├âO ├® uma boa pr├ítica de recrutamento inclusivo?	MC	Contratar apenas por indica├º├úo de funcion├írios atuais pode perpetuar a falta de diversidade, pois as pessoas tendem a indicar pessoas similares a elas.	10	2025-12-20 13:58:45.641957+00	2025-12-20 13:58:45.641963+00	15
5	Cite uma a├º├úo pr├ítica para criar um ambiente de trabalho mais inclusivo.	SA	Exemplos de respostas: criar grupos de afinidade, promover palestras sobre diversidade, celebrar datas importantes, garantir representatividade em materiais visuais, etc.	10	2025-12-20 13:58:45.650798+00	2025-12-20 13:58:45.650811+00	15
6	O que s├úo microagress├Áes?	MC	Microagress├Áes s├úo comportamentos sutis que comunicam mensagens hostis ou negativas sobre grupos marginalizados.	10	2025-12-20 13:58:45.660277+00	2025-12-20 13:58:45.660284+00	15
7	Ser antirracista significa apenas n├úo ser racista.	TF	Falso. Ser antirracista significa tomar a├º├Áes ativas contra o racismo, n├úo apenas evitar comportamentos racistas.	10	2025-12-20 13:58:45.669037+00	2025-12-20 13:58:45.66905+00	15
8	Descreva duas a├º├Áes pr├íticas que voc├¬ pode tomar para ser um aliado antirracista.	SA	Exemplos: questionar coment├írios racistas, apoiar neg├│cios de pessoas negras, educar familiares, participar de movimentos antirracistas, usar privil├®gios para amplificar vozes marginalizadas, etc.	15	2025-12-20 13:58:45.674156+00	2025-12-20 13:58:45.674169+00	15
\.


--
-- Data for Name: courses_questionoption; Type: TABLE DATA; Schema: public; Owner: ong_user
--

COPY public.courses_questionoption (id, option_text, is_correct, "order", question_id) FROM stdin;
1	Apenas atos individuais de discrimina├º├úo	f	1	1
2	Um sistema que perpetua desigualdades atrav├®s de institui├º├Áes	t	2	1
3	Preconceito pessoal contra ra├ºas	f	3	1
4	Diferen├ºas culturais entre grupos	f	4	1
5	1822	f	1	2
6	1888	t	2	2
7	1889	f	3	2
8	1930	f	4	2
9	Verdadeiro	f	1	3
10	Falso	t	2	3
11	Divulgar vagas em canais diversos	f	1	4
12	Treinar recrutadores sobre vieses	f	2	4
13	Contratar apenas por indica├º├úo de funcion├írios	t	3	4
14	Usar crit├®rios objetivos de sele├º├úo	f	4	4
15	Agress├Áes f├¡sicas leves	f	1	6
16	Coment├írios sutis que comunicam mensagens negativas	t	2	6
17	Apenas piadas ofensivas	f	3	6
18	Cr├¡ticas construtivas	f	4	6
19	Verdadeiro	f	1	7
20	Falso	t	2	7
\.


--
-- Data for Name: courses_quiz; Type: TABLE DATA; Schema: public; Owner: ong_user
--

COPY public.courses_quiz (id, title, description, passing_score, max_attempts, time_limit_minutes, "order", is_published, created_at, updated_at, module_id) FROM stdin;
1	Avalia├º├úo: Racismo Estrutural	Teste seus conhecimentos sobre racismo estrutural	70	3	15	3	t	2025-12-20 13:58:45.60081+00	2025-12-20 13:58:45.600821+00	1
2	Avalia├º├úo: Pr├íticas Inclusivas	Avalie seu entendimento sobre pr├íticas inclusivas	70	3	10	3	t	2025-12-20 13:58:45.640493+00	2025-12-20 13:58:45.640501+00	2
3	Avalia├º├úo Final do Curso	Teste final abrangente sobre todo o conte├║do do curso	75	2	20	3	t	2025-12-20 13:58:45.658947+00	2025-12-20 13:58:45.658953+00	3
\.


--
-- Data for Name: courses_quizattempt; Type: TABLE DATA; Schema: public; Owner: ong_user
--

COPY public.courses_quizattempt (id, score, passed, started_at, submitted_at, attempt_number, quiz_id, user_id) FROM stdin;
5	100.00	t	2025-12-20 16:24:31.411223+00	2025-12-20 16:24:31.434845+00	1	1	3
6	0.00	f	2025-12-20 16:39:26.574501+00	2025-12-20 16:39:26.59303+00	1	2	3
7	0.00	f	2025-12-20 16:40:00.306508+00	2025-12-20 16:40:00.320158+00	2	2	3
8	50.00	f	2025-12-20 16:40:08.777548+00	2025-12-20 16:40:08.792346+00	3	2	3
\.


--
-- Data for Name: courses_quizquestion; Type: TABLE DATA; Schema: public; Owner: ong_user
--

COPY public.courses_quizquestion (id, "order", question_id, quiz_id) FROM stdin;
1	1	1	1
2	2	2	1
3	3	3	1
4	1	4	2
5	2	5	2
6	1	6	3
7	2	7	3
8	3	8	3
\.


--
-- Data for Name: courses_studentanswer; Type: TABLE DATA; Schema: public; Owner: ong_user
--

COPY public.courses_studentanswer (id, text_answer, is_correct, points_earned, attempt_id, question_id, selected_option_id) FROM stdin;
1		t	10.00	5	1	2
2		t	10.00	5	2	6
3		t	10.00	5	3	10
4		f	0.00	6	4	12
5	ASDASD	f	0.00	6	5	\N
6		f	0.00	7	4	12
7	AASD	f	0.00	7	5	\N
8		t	10.00	8	4	13
9	AAA	f	0.00	8	5	\N
\.


--
-- Data for Name: courses_studentprogress; Type: TABLE DATA; Schema: public; Owner: ong_user
--

COPY public.courses_studentprogress (id, completed, completed_at, score, time_spent_seconds, lesson_id, quiz_id, user_id) FROM stdin;
2	t	2025-12-20 14:00:10.716544+00	\N	\N	2	\N	3
5	t	2025-12-20 16:24:31.441947+00	100.00	\N	\N	1	3
6	f	\N	0.00	\N	\N	2	3
7	f	\N	\N	\N	6	\N	3
8	f	\N	\N	\N	5	\N	3
\.


--
-- Data for Name: django_admin_log; Type: TABLE DATA; Schema: public; Owner: ong_user
--

COPY public.django_admin_log (id, action_time, object_id, object_repr, action_flag, change_message, content_type_id, user_id) FROM stdin;
1	2025-12-17 14:50:39.753918+00	13	Atividade F├¡sica Adaptada	2	[{"changed": {"fields": ["Ativo"]}}]	9	2
2	2025-12-17 14:50:56.867643+00	13	Atividade F├¡sica Adaptada	2	[{"changed": {"fields": ["Ativo"]}}]	9	2
3	2025-12-17 14:52:49.6843+00	1	CEO	1	[{"added": {}}]	3	2
4	2025-12-17 14:53:22.390093+00	3	mauro.apo123@gmail.com	1	[{"added": {}}]	6	2
5	2025-12-17 14:53:34.349177+00	3	mauro.apo123@gmail.com	2	[{"changed": {"fields": ["Groups"]}}]	6	2
6	2025-12-17 14:55:02.89864+00	1	CEO	2	[{"changed": {"fields": ["Permissions"]}}]	3	2
7	2025-12-20 14:33:14.469721+00	3	Profile of mauro.apo123+test@gmail.com	2	[{"changed": {"fields": ["Data de Nascimento"]}}]	7	4
8	2025-12-20 16:17:08.148987+00	1	CEO	2	[{"changed": {"fields": ["Permissions"]}}]	3	4
9	2025-12-20 16:17:49.477413+00	1	CEO	2	[{"changed": {"fields": ["Permissions"]}}]	3	4
10	2025-12-20 16:23:17.034163+00	4	mauro.apo123+test@gmail.com - M├│dulo 2: Pr├íticas Inclusivas no Ambiente de Trabalho - Avalia├º├úo: Pr├íticas Inclusivas	3		24	4
11	2025-12-20 16:23:21.377904+00	3	mauro.apo123+test@gmail.com - M├│dulo 1: Introdu├º├úo ao Racismo Estrutural - Avalia├º├úo: Racismo Estrutural	3		24	4
12	2025-12-20 16:23:23.857218+00	1	mauro.apo123+test@gmail.com - M├│dulo 1: Introdu├º├úo ao Racismo Estrutural - O que ├® Racismo Estrutural?	3		24	4
13	2025-12-20 16:23:56.339074+00	4	mauro.apo123+test@gmail.com - Avalia├º├úo: Pr├íticas Inclusivas (Attempt 1)	3		23	4
14	2025-12-20 16:23:58.672273+00	3	mauro.apo123+test@gmail.com - Avalia├º├úo: Racismo Estrutural (Attempt 3)	3		23	4
15	2025-12-20 16:24:00.706789+00	2	mauro.apo123+test@gmail.com - Avalia├º├úo: Racismo Estrutural (Attempt 2)	3		23	4
16	2025-12-20 16:24:03.172032+00	1	mauro.apo123+test@gmail.com - Avalia├º├úo: Racismo Estrutural (Attempt 1)	3		23	4
17	2025-12-20 16:53:00.221535+00	1	CEO	2	[{"changed": {"fields": ["Permissions"]}}]	3	4
18	2025-12-20 16:53:07.782355+00	9	mauro.apo123+test@gmail.com - Cite uma a├º├úo pr├ítica para criar um ambiente de tr...	2	[]	25	3
19	2025-12-20 17:09:34.913547+00	13	Atividade F├¡sica Adaptada	2	[{"changed": {"fields": ["Pre\\u00e7o"]}}]	9	4
20	2025-12-20 17:09:48.851452+00	13	Atividade F├¡sica Adaptada	2	[{"changed": {"fields": ["Pre\\u00e7o"]}}]	9	4
\.


--
-- Data for Name: django_content_type; Type: TABLE DATA; Schema: public; Owner: ong_user
--

COPY public.django_content_type (id, app_label, model) FROM stdin;
1	admin	logentry
2	auth	permission
3	auth	group
4	contenttypes	contenttype
5	sessions	session
6	accounts	customuser
7	accounts	profile
8	accounts	emailverificationcode
9	courses	course
10	courses	enrollment
11	cart	cart
12	cart	cartitem
13	orgs	organization
14	orgs	orgpackage
15	orgs	orgseatassignment
16	orgs	orgpackageitem
17	orgs	orgmember
18	courses	lesson
19	courses	module
20	courses	question
21	courses	questionoption
22	courses	quiz
23	courses	quizattempt
24	courses	studentprogress
25	courses	studentanswer
26	courses	quizquestion
27	accounts	passwordresettoken
28	accounts	passwordresetcode
29	checkout	orderitem
30	checkout	order
\.


--
-- Data for Name: django_migrations; Type: TABLE DATA; Schema: public; Owner: ong_user
--

COPY public.django_migrations (id, app, name, applied) FROM stdin;
1	contenttypes	0001_initial	2025-12-17 13:47:23.228569+00
2	contenttypes	0002_remove_content_type_name	2025-12-17 13:49:21.948616+00
3	auth	0001_initial	2025-12-17 13:49:22.012796+00
4	auth	0002_alter_permission_name_max_length	2025-12-17 13:49:22.01864+00
5	auth	0003_alter_user_email_max_length	2025-12-17 13:49:22.024317+00
6	auth	0004_alter_user_username_opts	2025-12-17 13:49:22.030888+00
7	auth	0005_alter_user_last_login_null	2025-12-17 13:49:22.035847+00
8	auth	0006_require_contenttypes_0002	2025-12-17 13:49:22.039859+00
9	auth	0007_alter_validators_add_error_messages	2025-12-17 13:49:22.045624+00
10	auth	0008_alter_user_username_max_length	2025-12-17 13:49:22.050969+00
11	auth	0009_alter_user_last_name_max_length	2025-12-17 13:49:22.056732+00
12	auth	0010_alter_group_name_max_length	2025-12-17 13:49:22.064889+00
13	auth	0011_update_proxy_permissions	2025-12-17 13:49:22.069779+00
14	auth	0012_alter_user_first_name_max_length	2025-12-17 13:49:22.075951+00
15	accounts	0001_initial	2025-12-17 13:49:22.166766+00
16	admin	0001_initial	2025-12-17 13:49:22.201574+00
17	admin	0002_logentry_remove_auto_add	2025-12-17 13:49:22.208909+00
18	admin	0003_logentry_add_action_flag_choices	2025-12-17 13:49:22.21629+00
19	courses	0001_initial	2025-12-17 13:49:22.255913+00
20	cart	0001_initial	2025-12-17 13:49:22.295718+00
21	orgs	0001_initial	2025-12-17 13:49:22.405808+00
22	sessions	0001_initial	2025-12-17 13:49:22.428707+00
23	courses	0002_lesson_module_question_questionoption_quiz_and_more	2025-12-20 12:54:57.204355+00
24	accounts	0002_passwordresettoken	2025-12-20 13:06:16.724302+00
25	accounts	0003_passwordresetcode_delete_passwordresettoken	2025-12-20 13:25:40.503757+00
26	checkout	0001_initial	2025-12-20 17:00:31.021978+00
\.


--
-- Data for Name: django_session; Type: TABLE DATA; Schema: public; Owner: ong_user
--

COPY public.django_session (session_key, session_data, expire_date) FROM stdin;
91kxy2cdmh7x8j9zw2jp1yvb46lytp75	.eJxVjMsOwiAQRf-FtSHA8HTp3m8gw0ClaiAp7cr479qkC93ec859sYjbWuM2yhLnzM4M2Ol3S0iP0naQ79hunVNv6zInviv8oINfey7Py-H-HVQc9Vv74ABEsEI6spq81VJgQimkz6ooGQTgZAI5QmWMVBACJNQqo0PCKbP3B6g9Ny0:1vVsuf:kUhA8Z7vhxbCF0jSHk7Iyk05QeawBFqE499URGmNfC8	2025-12-31 14:54:01.842644+00
37t0a4ibj9sg0573buzbzz3mpqgdbh0a	.eJxVjMsOwiAQRf-FtSEgw8ul-34DYRiQqoGktCvjv2uTLnR7zzn3xULc1hq2kZcwE7swYKffDWN65LYDusd26zz1ti4z8l3hBx186pSf18P9O6hx1G8tCIyHM0mlfTEOVaZigUBp68iiFBaSV8IZm3RSmMEh-KRjcUYSGs_eH8kIN2U:1vWxhg:_KDhQGlyJFW58QqGCxhtRw0YhT5Kg3YJhK6dTwabtik	2026-01-03 14:13:04.600528+00
3n0mromt1me07ecomuh32kuazz9j799k	.eJxVjMsOwiAQRf-FtSEgw8ul-34DYRiQqoGktCvjv2uTLnR7zzn3xULc1hq2kZcwE7swYKffDWN65LYDusd26zz1ti4z8l3hBx186pSf18P9O6hx1G8tCIyHM0mlfTEOVaZigUBp68iiFBaSV8IZm3RSmMEh-KRjcUYSGs_eH8kIN2U:1vX4ho:UUyvnD6_ms-BVBGQBZNCrwz7hsLWPOcSVd9fmp-VIKI	2026-01-03 21:41:40.279653+00
\.


--
-- Data for Name: orgs_organization; Type: TABLE DATA; Schema: public; Owner: ong_user
--

COPY public.orgs_organization (id, name, created_at) FROM stdin;
\.


--
-- Data for Name: orgs_orgmember; Type: TABLE DATA; Schema: public; Owner: ong_user
--

COPY public.orgs_orgmember (id, role, joined_at, organization_id, user_id) FROM stdin;
\.


--
-- Data for Name: orgs_orgpackage; Type: TABLE DATA; Schema: public; Owner: ong_user
--

COPY public.orgs_orgpackage (id, name, price, seat_count, created_at, is_active, organization_id) FROM stdin;
\.


--
-- Data for Name: orgs_orgpackageitem; Type: TABLE DATA; Schema: public; Owner: ong_user
--

COPY public.orgs_orgpackageitem (id, course_id, org_package_id) FROM stdin;
\.


--
-- Data for Name: orgs_orgseatassignment; Type: TABLE DATA; Schema: public; Owner: ong_user
--

COPY public.orgs_orgseatassignment (id, assigned_at, assigned_to_user_id, course_id, organization_id) FROM stdin;
\.


--
-- Name: accounts_customuser_groups_id_seq; Type: SEQUENCE SET; Schema: public; Owner: ong_user
--

SELECT pg_catalog.setval('public.accounts_customuser_groups_id_seq', 1, true);


--
-- Name: accounts_customuser_id_seq; Type: SEQUENCE SET; Schema: public; Owner: ong_user
--

SELECT pg_catalog.setval('public.accounts_customuser_id_seq', 4, true);


--
-- Name: accounts_customuser_user_permissions_id_seq; Type: SEQUENCE SET; Schema: public; Owner: ong_user
--

SELECT pg_catalog.setval('public.accounts_customuser_user_permissions_id_seq', 1, false);


--
-- Name: accounts_emailverificationcode_id_seq; Type: SEQUENCE SET; Schema: public; Owner: ong_user
--

SELECT pg_catalog.setval('public.accounts_emailverificationcode_id_seq', 3, true);


--
-- Name: accounts_passwordresetcode_id_seq; Type: SEQUENCE SET; Schema: public; Owner: ong_user
--

SELECT pg_catalog.setval('public.accounts_passwordresetcode_id_seq', 6, true);


--
-- Name: accounts_profile_id_seq; Type: SEQUENCE SET; Schema: public; Owner: ong_user
--

SELECT pg_catalog.setval('public.accounts_profile_id_seq', 4, true);


--
-- Name: auth_group_id_seq; Type: SEQUENCE SET; Schema: public; Owner: ong_user
--

SELECT pg_catalog.setval('public.auth_group_id_seq', 1, true);


--
-- Name: auth_group_permissions_id_seq; Type: SEQUENCE SET; Schema: public; Owner: ong_user
--

SELECT pg_catalog.setval('public.auth_group_permissions_id_seq', 56, true);


--
-- Name: auth_permission_id_seq; Type: SEQUENCE SET; Schema: public; Owner: ong_user
--

SELECT pg_catalog.setval('public.auth_permission_id_seq', 120, true);


--
-- Name: cart_cart_id_seq; Type: SEQUENCE SET; Schema: public; Owner: ong_user
--

SELECT pg_catalog.setval('public.cart_cart_id_seq', 4, true);


--
-- Name: cart_cartitem_id_seq; Type: SEQUENCE SET; Schema: public; Owner: ong_user
--

SELECT pg_catalog.setval('public.cart_cartitem_id_seq', 6, true);


--
-- Name: checkout_order_id_seq; Type: SEQUENCE SET; Schema: public; Owner: ong_user
--

SELECT pg_catalog.setval('public.checkout_order_id_seq', 12, true);


--
-- Name: checkout_orderitem_id_seq; Type: SEQUENCE SET; Schema: public; Owner: ong_user
--

SELECT pg_catalog.setval('public.checkout_orderitem_id_seq', 13, true);


--
-- Name: courses_course_id_seq; Type: SEQUENCE SET; Schema: public; Owner: ong_user
--

SELECT pg_catalog.setval('public.courses_course_id_seq', 15, true);


--
-- Name: courses_enrollment_id_seq; Type: SEQUENCE SET; Schema: public; Owner: ong_user
--

SELECT pg_catalog.setval('public.courses_enrollment_id_seq', 3, true);


--
-- Name: courses_lesson_id_seq; Type: SEQUENCE SET; Schema: public; Owner: ong_user
--

SELECT pg_catalog.setval('public.courses_lesson_id_seq', 6, true);


--
-- Name: courses_module_id_seq; Type: SEQUENCE SET; Schema: public; Owner: ong_user
--

SELECT pg_catalog.setval('public.courses_module_id_seq', 3, true);


--
-- Name: courses_question_id_seq; Type: SEQUENCE SET; Schema: public; Owner: ong_user
--

SELECT pg_catalog.setval('public.courses_question_id_seq', 8, true);


--
-- Name: courses_questionoption_id_seq; Type: SEQUENCE SET; Schema: public; Owner: ong_user
--

SELECT pg_catalog.setval('public.courses_questionoption_id_seq', 20, true);


--
-- Name: courses_quiz_id_seq; Type: SEQUENCE SET; Schema: public; Owner: ong_user
--

SELECT pg_catalog.setval('public.courses_quiz_id_seq', 3, true);


--
-- Name: courses_quizattempt_id_seq; Type: SEQUENCE SET; Schema: public; Owner: ong_user
--

SELECT pg_catalog.setval('public.courses_quizattempt_id_seq', 8, true);


--
-- Name: courses_quizquestion_id_seq; Type: SEQUENCE SET; Schema: public; Owner: ong_user
--

SELECT pg_catalog.setval('public.courses_quizquestion_id_seq', 8, true);


--
-- Name: courses_studentanswer_id_seq; Type: SEQUENCE SET; Schema: public; Owner: ong_user
--

SELECT pg_catalog.setval('public.courses_studentanswer_id_seq', 9, true);


--
-- Name: courses_studentprogress_id_seq; Type: SEQUENCE SET; Schema: public; Owner: ong_user
--

SELECT pg_catalog.setval('public.courses_studentprogress_id_seq', 8, true);


--
-- Name: django_admin_log_id_seq; Type: SEQUENCE SET; Schema: public; Owner: ong_user
--

SELECT pg_catalog.setval('public.django_admin_log_id_seq', 20, true);


--
-- Name: django_content_type_id_seq; Type: SEQUENCE SET; Schema: public; Owner: ong_user
--

SELECT pg_catalog.setval('public.django_content_type_id_seq', 30, true);


--
-- Name: django_migrations_id_seq; Type: SEQUENCE SET; Schema: public; Owner: ong_user
--

SELECT pg_catalog.setval('public.django_migrations_id_seq', 26, true);


--
-- Name: orgs_organization_id_seq; Type: SEQUENCE SET; Schema: public; Owner: ong_user
--

SELECT pg_catalog.setval('public.orgs_organization_id_seq', 1, false);


--
-- Name: orgs_orgmember_id_seq; Type: SEQUENCE SET; Schema: public; Owner: ong_user
--

SELECT pg_catalog.setval('public.orgs_orgmember_id_seq', 1, false);


--
-- Name: orgs_orgpackage_id_seq; Type: SEQUENCE SET; Schema: public; Owner: ong_user
--

SELECT pg_catalog.setval('public.orgs_orgpackage_id_seq', 1, false);


--
-- Name: orgs_orgpackageitem_id_seq; Type: SEQUENCE SET; Schema: public; Owner: ong_user
--

SELECT pg_catalog.setval('public.orgs_orgpackageitem_id_seq', 1, false);


--
-- Name: orgs_orgseatassignment_id_seq; Type: SEQUENCE SET; Schema: public; Owner: ong_user
--

SELECT pg_catalog.setval('public.orgs_orgseatassignment_id_seq', 1, false);


--
-- Name: accounts_customuser accounts_customuser_email_key; Type: CONSTRAINT; Schema: public; Owner: ong_user
--

ALTER TABLE ONLY public.accounts_customuser
    ADD CONSTRAINT accounts_customuser_email_key UNIQUE (email);


--
-- Name: accounts_customuser_groups accounts_customuser_groups_customuser_id_group_id_c074bdcb_uniq; Type: CONSTRAINT; Schema: public; Owner: ong_user
--

ALTER TABLE ONLY public.accounts_customuser_groups
    ADD CONSTRAINT accounts_customuser_groups_customuser_id_group_id_c074bdcb_uniq UNIQUE (customuser_id, group_id);


--
-- Name: accounts_customuser_groups accounts_customuser_groups_pkey; Type: CONSTRAINT; Schema: public; Owner: ong_user
--

ALTER TABLE ONLY public.accounts_customuser_groups
    ADD CONSTRAINT accounts_customuser_groups_pkey PRIMARY KEY (id);


--
-- Name: accounts_customuser accounts_customuser_pkey; Type: CONSTRAINT; Schema: public; Owner: ong_user
--

ALTER TABLE ONLY public.accounts_customuser
    ADD CONSTRAINT accounts_customuser_pkey PRIMARY KEY (id);


--
-- Name: accounts_customuser_user_permissions accounts_customuser_user_customuser_id_permission_9632a709_uniq; Type: CONSTRAINT; Schema: public; Owner: ong_user
--

ALTER TABLE ONLY public.accounts_customuser_user_permissions
    ADD CONSTRAINT accounts_customuser_user_customuser_id_permission_9632a709_uniq UNIQUE (customuser_id, permission_id);


--
-- Name: accounts_customuser_user_permissions accounts_customuser_user_permissions_pkey; Type: CONSTRAINT; Schema: public; Owner: ong_user
--

ALTER TABLE ONLY public.accounts_customuser_user_permissions
    ADD CONSTRAINT accounts_customuser_user_permissions_pkey PRIMARY KEY (id);


--
-- Name: accounts_emailverificationcode accounts_emailverificationcode_pkey; Type: CONSTRAINT; Schema: public; Owner: ong_user
--

ALTER TABLE ONLY public.accounts_emailverificationcode
    ADD CONSTRAINT accounts_emailverificationcode_pkey PRIMARY KEY (id);


--
-- Name: accounts_passwordresetcode accounts_passwordresetcode_pkey; Type: CONSTRAINT; Schema: public; Owner: ong_user
--

ALTER TABLE ONLY public.accounts_passwordresetcode
    ADD CONSTRAINT accounts_passwordresetcode_pkey PRIMARY KEY (id);


--
-- Name: accounts_profile accounts_profile_pkey; Type: CONSTRAINT; Schema: public; Owner: ong_user
--

ALTER TABLE ONLY public.accounts_profile
    ADD CONSTRAINT accounts_profile_pkey PRIMARY KEY (id);


--
-- Name: accounts_profile accounts_profile_user_id_key; Type: CONSTRAINT; Schema: public; Owner: ong_user
--

ALTER TABLE ONLY public.accounts_profile
    ADD CONSTRAINT accounts_profile_user_id_key UNIQUE (user_id);


--
-- Name: auth_group auth_group_name_key; Type: CONSTRAINT; Schema: public; Owner: ong_user
--

ALTER TABLE ONLY public.auth_group
    ADD CONSTRAINT auth_group_name_key UNIQUE (name);


--
-- Name: auth_group_permissions auth_group_permissions_group_id_permission_id_0cd325b0_uniq; Type: CONSTRAINT; Schema: public; Owner: ong_user
--

ALTER TABLE ONLY public.auth_group_permissions
    ADD CONSTRAINT auth_group_permissions_group_id_permission_id_0cd325b0_uniq UNIQUE (group_id, permission_id);


--
-- Name: auth_group_permissions auth_group_permissions_pkey; Type: CONSTRAINT; Schema: public; Owner: ong_user
--

ALTER TABLE ONLY public.auth_group_permissions
    ADD CONSTRAINT auth_group_permissions_pkey PRIMARY KEY (id);


--
-- Name: auth_group auth_group_pkey; Type: CONSTRAINT; Schema: public; Owner: ong_user
--

ALTER TABLE ONLY public.auth_group
    ADD CONSTRAINT auth_group_pkey PRIMARY KEY (id);


--
-- Name: auth_permission auth_permission_content_type_id_codename_01ab375a_uniq; Type: CONSTRAINT; Schema: public; Owner: ong_user
--

ALTER TABLE ONLY public.auth_permission
    ADD CONSTRAINT auth_permission_content_type_id_codename_01ab375a_uniq UNIQUE (content_type_id, codename);


--
-- Name: auth_permission auth_permission_pkey; Type: CONSTRAINT; Schema: public; Owner: ong_user
--

ALTER TABLE ONLY public.auth_permission
    ADD CONSTRAINT auth_permission_pkey PRIMARY KEY (id);


--
-- Name: cart_cart cart_cart_pkey; Type: CONSTRAINT; Schema: public; Owner: ong_user
--

ALTER TABLE ONLY public.cart_cart
    ADD CONSTRAINT cart_cart_pkey PRIMARY KEY (id);


--
-- Name: cart_cart cart_cart_user_id_key; Type: CONSTRAINT; Schema: public; Owner: ong_user
--

ALTER TABLE ONLY public.cart_cart
    ADD CONSTRAINT cart_cart_user_id_key UNIQUE (user_id);


--
-- Name: cart_cartitem cart_cartitem_cart_id_course_id_73c71fe7_uniq; Type: CONSTRAINT; Schema: public; Owner: ong_user
--

ALTER TABLE ONLY public.cart_cartitem
    ADD CONSTRAINT cart_cartitem_cart_id_course_id_73c71fe7_uniq UNIQUE (cart_id, course_id);


--
-- Name: cart_cartitem cart_cartitem_pkey; Type: CONSTRAINT; Schema: public; Owner: ong_user
--

ALTER TABLE ONLY public.cart_cartitem
    ADD CONSTRAINT cart_cartitem_pkey PRIMARY KEY (id);


--
-- Name: checkout_order checkout_order_pkey; Type: CONSTRAINT; Schema: public; Owner: ong_user
--

ALTER TABLE ONLY public.checkout_order
    ADD CONSTRAINT checkout_order_pkey PRIMARY KEY (id);


--
-- Name: checkout_orderitem checkout_orderitem_order_id_course_id_dfc53f8a_uniq; Type: CONSTRAINT; Schema: public; Owner: ong_user
--

ALTER TABLE ONLY public.checkout_orderitem
    ADD CONSTRAINT checkout_orderitem_order_id_course_id_dfc53f8a_uniq UNIQUE (order_id, course_id);


--
-- Name: checkout_orderitem checkout_orderitem_pkey; Type: CONSTRAINT; Schema: public; Owner: ong_user
--

ALTER TABLE ONLY public.checkout_orderitem
    ADD CONSTRAINT checkout_orderitem_pkey PRIMARY KEY (id);


--
-- Name: courses_course courses_course_pkey; Type: CONSTRAINT; Schema: public; Owner: ong_user
--

ALTER TABLE ONLY public.courses_course
    ADD CONSTRAINT courses_course_pkey PRIMARY KEY (id);


--
-- Name: courses_enrollment courses_enrollment_pkey; Type: CONSTRAINT; Schema: public; Owner: ong_user
--

ALTER TABLE ONLY public.courses_enrollment
    ADD CONSTRAINT courses_enrollment_pkey PRIMARY KEY (id);


--
-- Name: courses_enrollment courses_enrollment_user_id_course_id_7c8ca1bf_uniq; Type: CONSTRAINT; Schema: public; Owner: ong_user
--

ALTER TABLE ONLY public.courses_enrollment
    ADD CONSTRAINT courses_enrollment_user_id_course_id_7c8ca1bf_uniq UNIQUE (user_id, course_id);


--
-- Name: courses_lesson courses_lesson_module_id_order_fc017b14_uniq; Type: CONSTRAINT; Schema: public; Owner: ong_user
--

ALTER TABLE ONLY public.courses_lesson
    ADD CONSTRAINT courses_lesson_module_id_order_fc017b14_uniq UNIQUE (module_id, "order");


--
-- Name: courses_lesson courses_lesson_pkey; Type: CONSTRAINT; Schema: public; Owner: ong_user
--

ALTER TABLE ONLY public.courses_lesson
    ADD CONSTRAINT courses_lesson_pkey PRIMARY KEY (id);


--
-- Name: courses_module courses_module_course_id_order_5474a4ce_uniq; Type: CONSTRAINT; Schema: public; Owner: ong_user
--

ALTER TABLE ONLY public.courses_module
    ADD CONSTRAINT courses_module_course_id_order_5474a4ce_uniq UNIQUE (course_id, "order");


--
-- Name: courses_module courses_module_pkey; Type: CONSTRAINT; Schema: public; Owner: ong_user
--

ALTER TABLE ONLY public.courses_module
    ADD CONSTRAINT courses_module_pkey PRIMARY KEY (id);


--
-- Name: courses_question courses_question_pkey; Type: CONSTRAINT; Schema: public; Owner: ong_user
--

ALTER TABLE ONLY public.courses_question
    ADD CONSTRAINT courses_question_pkey PRIMARY KEY (id);


--
-- Name: courses_questionoption courses_questionoption_pkey; Type: CONSTRAINT; Schema: public; Owner: ong_user
--

ALTER TABLE ONLY public.courses_questionoption
    ADD CONSTRAINT courses_questionoption_pkey PRIMARY KEY (id);


--
-- Name: courses_quiz courses_quiz_module_id_order_d191ea1e_uniq; Type: CONSTRAINT; Schema: public; Owner: ong_user
--

ALTER TABLE ONLY public.courses_quiz
    ADD CONSTRAINT courses_quiz_module_id_order_d191ea1e_uniq UNIQUE (module_id, "order");


--
-- Name: courses_quiz courses_quiz_pkey; Type: CONSTRAINT; Schema: public; Owner: ong_user
--

ALTER TABLE ONLY public.courses_quiz
    ADD CONSTRAINT courses_quiz_pkey PRIMARY KEY (id);


--
-- Name: courses_quizattempt courses_quizattempt_pkey; Type: CONSTRAINT; Schema: public; Owner: ong_user
--

ALTER TABLE ONLY public.courses_quizattempt
    ADD CONSTRAINT courses_quizattempt_pkey PRIMARY KEY (id);


--
-- Name: courses_quizquestion courses_quizquestion_pkey; Type: CONSTRAINT; Schema: public; Owner: ong_user
--

ALTER TABLE ONLY public.courses_quizquestion
    ADD CONSTRAINT courses_quizquestion_pkey PRIMARY KEY (id);


--
-- Name: courses_quizquestion courses_quizquestion_quiz_id_question_id_cd2c3a51_uniq; Type: CONSTRAINT; Schema: public; Owner: ong_user
--

ALTER TABLE ONLY public.courses_quizquestion
    ADD CONSTRAINT courses_quizquestion_quiz_id_question_id_cd2c3a51_uniq UNIQUE (quiz_id, question_id);


--
-- Name: courses_studentanswer courses_studentanswer_attempt_id_question_id_332feb57_uniq; Type: CONSTRAINT; Schema: public; Owner: ong_user
--

ALTER TABLE ONLY public.courses_studentanswer
    ADD CONSTRAINT courses_studentanswer_attempt_id_question_id_332feb57_uniq UNIQUE (attempt_id, question_id);


--
-- Name: courses_studentanswer courses_studentanswer_pkey; Type: CONSTRAINT; Schema: public; Owner: ong_user
--

ALTER TABLE ONLY public.courses_studentanswer
    ADD CONSTRAINT courses_studentanswer_pkey PRIMARY KEY (id);


--
-- Name: courses_studentprogress courses_studentprogress_pkey; Type: CONSTRAINT; Schema: public; Owner: ong_user
--

ALTER TABLE ONLY public.courses_studentprogress
    ADD CONSTRAINT courses_studentprogress_pkey PRIMARY KEY (id);


--
-- Name: django_admin_log django_admin_log_pkey; Type: CONSTRAINT; Schema: public; Owner: ong_user
--

ALTER TABLE ONLY public.django_admin_log
    ADD CONSTRAINT django_admin_log_pkey PRIMARY KEY (id);


--
-- Name: django_content_type django_content_type_app_label_model_76bd3d3b_uniq; Type: CONSTRAINT; Schema: public; Owner: ong_user
--

ALTER TABLE ONLY public.django_content_type
    ADD CONSTRAINT django_content_type_app_label_model_76bd3d3b_uniq UNIQUE (app_label, model);


--
-- Name: django_content_type django_content_type_pkey; Type: CONSTRAINT; Schema: public; Owner: ong_user
--

ALTER TABLE ONLY public.django_content_type
    ADD CONSTRAINT django_content_type_pkey PRIMARY KEY (id);


--
-- Name: django_migrations django_migrations_pkey; Type: CONSTRAINT; Schema: public; Owner: ong_user
--

ALTER TABLE ONLY public.django_migrations
    ADD CONSTRAINT django_migrations_pkey PRIMARY KEY (id);


--
-- Name: django_session django_session_pkey; Type: CONSTRAINT; Schema: public; Owner: ong_user
--

ALTER TABLE ONLY public.django_session
    ADD CONSTRAINT django_session_pkey PRIMARY KEY (session_key);


--
-- Name: orgs_organization orgs_organization_pkey; Type: CONSTRAINT; Schema: public; Owner: ong_user
--

ALTER TABLE ONLY public.orgs_organization
    ADD CONSTRAINT orgs_organization_pkey PRIMARY KEY (id);


--
-- Name: orgs_orgmember orgs_orgmember_organization_id_user_id_1f1c82a1_uniq; Type: CONSTRAINT; Schema: public; Owner: ong_user
--

ALTER TABLE ONLY public.orgs_orgmember
    ADD CONSTRAINT orgs_orgmember_organization_id_user_id_1f1c82a1_uniq UNIQUE (organization_id, user_id);


--
-- Name: orgs_orgmember orgs_orgmember_pkey; Type: CONSTRAINT; Schema: public; Owner: ong_user
--

ALTER TABLE ONLY public.orgs_orgmember
    ADD CONSTRAINT orgs_orgmember_pkey PRIMARY KEY (id);


--
-- Name: orgs_orgpackage orgs_orgpackage_pkey; Type: CONSTRAINT; Schema: public; Owner: ong_user
--

ALTER TABLE ONLY public.orgs_orgpackage
    ADD CONSTRAINT orgs_orgpackage_pkey PRIMARY KEY (id);


--
-- Name: orgs_orgpackageitem orgs_orgpackageitem_org_package_id_course_id_6b568ad8_uniq; Type: CONSTRAINT; Schema: public; Owner: ong_user
--

ALTER TABLE ONLY public.orgs_orgpackageitem
    ADD CONSTRAINT orgs_orgpackageitem_org_package_id_course_id_6b568ad8_uniq UNIQUE (org_package_id, course_id);


--
-- Name: orgs_orgpackageitem orgs_orgpackageitem_pkey; Type: CONSTRAINT; Schema: public; Owner: ong_user
--

ALTER TABLE ONLY public.orgs_orgpackageitem
    ADD CONSTRAINT orgs_orgpackageitem_pkey PRIMARY KEY (id);


--
-- Name: orgs_orgseatassignment orgs_orgseatassignment_organization_id_course_i_816731ef_uniq; Type: CONSTRAINT; Schema: public; Owner: ong_user
--

ALTER TABLE ONLY public.orgs_orgseatassignment
    ADD CONSTRAINT orgs_orgseatassignment_organization_id_course_i_816731ef_uniq UNIQUE (organization_id, course_id, assigned_to_user_id);


--
-- Name: orgs_orgseatassignment orgs_orgseatassignment_pkey; Type: CONSTRAINT; Schema: public; Owner: ong_user
--

ALTER TABLE ONLY public.orgs_orgseatassignment
    ADD CONSTRAINT orgs_orgseatassignment_pkey PRIMARY KEY (id);


--
-- Name: accounts_customuser_email_4fd8e7ce_like; Type: INDEX; Schema: public; Owner: ong_user
--

CREATE INDEX accounts_customuser_email_4fd8e7ce_like ON public.accounts_customuser USING btree (email varchar_pattern_ops);


--
-- Name: accounts_customuser_groups_customuser_id_bc55088e; Type: INDEX; Schema: public; Owner: ong_user
--

CREATE INDEX accounts_customuser_groups_customuser_id_bc55088e ON public.accounts_customuser_groups USING btree (customuser_id);


--
-- Name: accounts_customuser_groups_group_id_86ba5f9e; Type: INDEX; Schema: public; Owner: ong_user
--

CREATE INDEX accounts_customuser_groups_group_id_86ba5f9e ON public.accounts_customuser_groups USING btree (group_id);


--
-- Name: accounts_customuser_user_permissions_customuser_id_0deaefae; Type: INDEX; Schema: public; Owner: ong_user
--

CREATE INDEX accounts_customuser_user_permissions_customuser_id_0deaefae ON public.accounts_customuser_user_permissions USING btree (customuser_id);


--
-- Name: accounts_customuser_user_permissions_permission_id_aea3d0e5; Type: INDEX; Schema: public; Owner: ong_user
--

CREATE INDEX accounts_customuser_user_permissions_permission_id_aea3d0e5 ON public.accounts_customuser_user_permissions USING btree (permission_id);


--
-- Name: accounts_emailverificationcode_user_id_2d1d1145; Type: INDEX; Schema: public; Owner: ong_user
--

CREATE INDEX accounts_emailverificationcode_user_id_2d1d1145 ON public.accounts_emailverificationcode USING btree (user_id);


--
-- Name: accounts_passwordresetcode_user_id_5331448e; Type: INDEX; Schema: public; Owner: ong_user
--

CREATE INDEX accounts_passwordresetcode_user_id_5331448e ON public.accounts_passwordresetcode USING btree (user_id);


--
-- Name: auth_group_name_a6ea08ec_like; Type: INDEX; Schema: public; Owner: ong_user
--

CREATE INDEX auth_group_name_a6ea08ec_like ON public.auth_group USING btree (name varchar_pattern_ops);


--
-- Name: auth_group_permissions_group_id_b120cbf9; Type: INDEX; Schema: public; Owner: ong_user
--

CREATE INDEX auth_group_permissions_group_id_b120cbf9 ON public.auth_group_permissions USING btree (group_id);


--
-- Name: auth_group_permissions_permission_id_84c5c92e; Type: INDEX; Schema: public; Owner: ong_user
--

CREATE INDEX auth_group_permissions_permission_id_84c5c92e ON public.auth_group_permissions USING btree (permission_id);


--
-- Name: auth_permission_content_type_id_2f476e4b; Type: INDEX; Schema: public; Owner: ong_user
--

CREATE INDEX auth_permission_content_type_id_2f476e4b ON public.auth_permission USING btree (content_type_id);


--
-- Name: cart_cartitem_cart_id_370ad265; Type: INDEX; Schema: public; Owner: ong_user
--

CREATE INDEX cart_cartitem_cart_id_370ad265 ON public.cart_cartitem USING btree (cart_id);


--
-- Name: cart_cartitem_course_id_3fb6fc6f; Type: INDEX; Schema: public; Owner: ong_user
--

CREATE INDEX cart_cartitem_course_id_3fb6fc6f ON public.cart_cartitem USING btree (course_id);


--
-- Name: checkout_order_user_id_6420a551; Type: INDEX; Schema: public; Owner: ong_user
--

CREATE INDEX checkout_order_user_id_6420a551 ON public.checkout_order USING btree (user_id);


--
-- Name: checkout_orderitem_course_id_d01e88e8; Type: INDEX; Schema: public; Owner: ong_user
--

CREATE INDEX checkout_orderitem_course_id_d01e88e8 ON public.checkout_orderitem USING btree (course_id);


--
-- Name: checkout_orderitem_order_id_b464a9c2; Type: INDEX; Schema: public; Owner: ong_user
--

CREATE INDEX checkout_orderitem_order_id_b464a9c2 ON public.checkout_orderitem USING btree (order_id);


--
-- Name: courses_enrollment_course_id_2631503e; Type: INDEX; Schema: public; Owner: ong_user
--

CREATE INDEX courses_enrollment_course_id_2631503e ON public.courses_enrollment USING btree (course_id);


--
-- Name: courses_enrollment_user_id_da3de16f; Type: INDEX; Schema: public; Owner: ong_user
--

CREATE INDEX courses_enrollment_user_id_da3de16f ON public.courses_enrollment USING btree (user_id);


--
-- Name: courses_lesson_module_id_41252914; Type: INDEX; Schema: public; Owner: ong_user
--

CREATE INDEX courses_lesson_module_id_41252914 ON public.courses_lesson USING btree (module_id);


--
-- Name: courses_module_course_id_7d4820de; Type: INDEX; Schema: public; Owner: ong_user
--

CREATE INDEX courses_module_course_id_7d4820de ON public.courses_module USING btree (course_id);


--
-- Name: courses_question_course_id_4ab4aa6d; Type: INDEX; Schema: public; Owner: ong_user
--

CREATE INDEX courses_question_course_id_4ab4aa6d ON public.courses_question USING btree (course_id);


--
-- Name: courses_questionoption_question_id_1a734007; Type: INDEX; Schema: public; Owner: ong_user
--

CREATE INDEX courses_questionoption_question_id_1a734007 ON public.courses_questionoption USING btree (question_id);


--
-- Name: courses_quiz_module_id_bdbf6aed; Type: INDEX; Schema: public; Owner: ong_user
--

CREATE INDEX courses_quiz_module_id_bdbf6aed ON public.courses_quiz USING btree (module_id);


--
-- Name: courses_quizattempt_quiz_id_b289d1d8; Type: INDEX; Schema: public; Owner: ong_user
--

CREATE INDEX courses_quizattempt_quiz_id_b289d1d8 ON public.courses_quizattempt USING btree (quiz_id);


--
-- Name: courses_quizattempt_user_id_c8575b36; Type: INDEX; Schema: public; Owner: ong_user
--

CREATE INDEX courses_quizattempt_user_id_c8575b36 ON public.courses_quizattempt USING btree (user_id);


--
-- Name: courses_quizquestion_question_id_c588e766; Type: INDEX; Schema: public; Owner: ong_user
--

CREATE INDEX courses_quizquestion_question_id_c588e766 ON public.courses_quizquestion USING btree (question_id);


--
-- Name: courses_quizquestion_quiz_id_d8a2f3a5; Type: INDEX; Schema: public; Owner: ong_user
--

CREATE INDEX courses_quizquestion_quiz_id_d8a2f3a5 ON public.courses_quizquestion USING btree (quiz_id);


--
-- Name: courses_studentanswer_attempt_id_06c1f17f; Type: INDEX; Schema: public; Owner: ong_user
--

CREATE INDEX courses_studentanswer_attempt_id_06c1f17f ON public.courses_studentanswer USING btree (attempt_id);


--
-- Name: courses_studentanswer_question_id_6cfb7b82; Type: INDEX; Schema: public; Owner: ong_user
--

CREATE INDEX courses_studentanswer_question_id_6cfb7b82 ON public.courses_studentanswer USING btree (question_id);


--
-- Name: courses_studentanswer_selected_option_id_8a28e50c; Type: INDEX; Schema: public; Owner: ong_user
--

CREATE INDEX courses_studentanswer_selected_option_id_8a28e50c ON public.courses_studentanswer USING btree (selected_option_id);


--
-- Name: courses_studentprogress_lesson_id_d23deb08; Type: INDEX; Schema: public; Owner: ong_user
--

CREATE INDEX courses_studentprogress_lesson_id_d23deb08 ON public.courses_studentprogress USING btree (lesson_id);


--
-- Name: courses_studentprogress_quiz_id_e26cf54a; Type: INDEX; Schema: public; Owner: ong_user
--

CREATE INDEX courses_studentprogress_quiz_id_e26cf54a ON public.courses_studentprogress USING btree (quiz_id);


--
-- Name: courses_studentprogress_user_id_cb25e7c3; Type: INDEX; Schema: public; Owner: ong_user
--

CREATE INDEX courses_studentprogress_user_id_cb25e7c3 ON public.courses_studentprogress USING btree (user_id);


--
-- Name: django_admin_log_content_type_id_c4bce8eb; Type: INDEX; Schema: public; Owner: ong_user
--

CREATE INDEX django_admin_log_content_type_id_c4bce8eb ON public.django_admin_log USING btree (content_type_id);


--
-- Name: django_admin_log_user_id_c564eba6; Type: INDEX; Schema: public; Owner: ong_user
--

CREATE INDEX django_admin_log_user_id_c564eba6 ON public.django_admin_log USING btree (user_id);


--
-- Name: django_session_expire_date_a5c62663; Type: INDEX; Schema: public; Owner: ong_user
--

CREATE INDEX django_session_expire_date_a5c62663 ON public.django_session USING btree (expire_date);


--
-- Name: django_session_session_key_c0390e0f_like; Type: INDEX; Schema: public; Owner: ong_user
--

CREATE INDEX django_session_session_key_c0390e0f_like ON public.django_session USING btree (session_key varchar_pattern_ops);


--
-- Name: orgs_orgmember_organization_id_1a4e33cd; Type: INDEX; Schema: public; Owner: ong_user
--

CREATE INDEX orgs_orgmember_organization_id_1a4e33cd ON public.orgs_orgmember USING btree (organization_id);


--
-- Name: orgs_orgmember_user_id_a427b50c; Type: INDEX; Schema: public; Owner: ong_user
--

CREATE INDEX orgs_orgmember_user_id_a427b50c ON public.orgs_orgmember USING btree (user_id);


--
-- Name: orgs_orgpackage_organization_id_25602426; Type: INDEX; Schema: public; Owner: ong_user
--

CREATE INDEX orgs_orgpackage_organization_id_25602426 ON public.orgs_orgpackage USING btree (organization_id);


--
-- Name: orgs_orgpackageitem_course_id_961aa04e; Type: INDEX; Schema: public; Owner: ong_user
--

CREATE INDEX orgs_orgpackageitem_course_id_961aa04e ON public.orgs_orgpackageitem USING btree (course_id);


--
-- Name: orgs_orgpackageitem_org_package_id_65d67635; Type: INDEX; Schema: public; Owner: ong_user
--

CREATE INDEX orgs_orgpackageitem_org_package_id_65d67635 ON public.orgs_orgpackageitem USING btree (org_package_id);


--
-- Name: orgs_orgseatassignment_assigned_to_user_id_2e11387c; Type: INDEX; Schema: public; Owner: ong_user
--

CREATE INDEX orgs_orgseatassignment_assigned_to_user_id_2e11387c ON public.orgs_orgseatassignment USING btree (assigned_to_user_id);


--
-- Name: orgs_orgseatassignment_course_id_e94cbcb1; Type: INDEX; Schema: public; Owner: ong_user
--

CREATE INDEX orgs_orgseatassignment_course_id_e94cbcb1 ON public.orgs_orgseatassignment USING btree (course_id);


--
-- Name: orgs_orgseatassignment_organization_id_c4e67e16; Type: INDEX; Schema: public; Owner: ong_user
--

CREATE INDEX orgs_orgseatassignment_organization_id_c4e67e16 ON public.orgs_orgseatassignment USING btree (organization_id);


--
-- Name: accounts_customuser_user_permissions accounts_customuser__customuser_id_0deaefae_fk_accounts_; Type: FK CONSTRAINT; Schema: public; Owner: ong_user
--

ALTER TABLE ONLY public.accounts_customuser_user_permissions
    ADD CONSTRAINT accounts_customuser__customuser_id_0deaefae_fk_accounts_ FOREIGN KEY (customuser_id) REFERENCES public.accounts_customuser(id) DEFERRABLE INITIALLY DEFERRED;


--
-- Name: accounts_customuser_groups accounts_customuser__customuser_id_bc55088e_fk_accounts_; Type: FK CONSTRAINT; Schema: public; Owner: ong_user
--

ALTER TABLE ONLY public.accounts_customuser_groups
    ADD CONSTRAINT accounts_customuser__customuser_id_bc55088e_fk_accounts_ FOREIGN KEY (customuser_id) REFERENCES public.accounts_customuser(id) DEFERRABLE INITIALLY DEFERRED;


--
-- Name: accounts_customuser_user_permissions accounts_customuser__permission_id_aea3d0e5_fk_auth_perm; Type: FK CONSTRAINT; Schema: public; Owner: ong_user
--

ALTER TABLE ONLY public.accounts_customuser_user_permissions
    ADD CONSTRAINT accounts_customuser__permission_id_aea3d0e5_fk_auth_perm FOREIGN KEY (permission_id) REFERENCES public.auth_permission(id) DEFERRABLE INITIALLY DEFERRED;


--
-- Name: accounts_customuser_groups accounts_customuser_groups_group_id_86ba5f9e_fk_auth_group_id; Type: FK CONSTRAINT; Schema: public; Owner: ong_user
--

ALTER TABLE ONLY public.accounts_customuser_groups
    ADD CONSTRAINT accounts_customuser_groups_group_id_86ba5f9e_fk_auth_group_id FOREIGN KEY (group_id) REFERENCES public.auth_group(id) DEFERRABLE INITIALLY DEFERRED;


--
-- Name: accounts_emailverificationcode accounts_emailverifi_user_id_2d1d1145_fk_accounts_; Type: FK CONSTRAINT; Schema: public; Owner: ong_user
--

ALTER TABLE ONLY public.accounts_emailverificationcode
    ADD CONSTRAINT accounts_emailverifi_user_id_2d1d1145_fk_accounts_ FOREIGN KEY (user_id) REFERENCES public.accounts_customuser(id) DEFERRABLE INITIALLY DEFERRED;


--
-- Name: accounts_passwordresetcode accounts_passwordres_user_id_5331448e_fk_accounts_; Type: FK CONSTRAINT; Schema: public; Owner: ong_user
--

ALTER TABLE ONLY public.accounts_passwordresetcode
    ADD CONSTRAINT accounts_passwordres_user_id_5331448e_fk_accounts_ FOREIGN KEY (user_id) REFERENCES public.accounts_customuser(id) DEFERRABLE INITIALLY DEFERRED;


--
-- Name: accounts_profile accounts_profile_user_id_49a85d32_fk_accounts_customuser_id; Type: FK CONSTRAINT; Schema: public; Owner: ong_user
--

ALTER TABLE ONLY public.accounts_profile
    ADD CONSTRAINT accounts_profile_user_id_49a85d32_fk_accounts_customuser_id FOREIGN KEY (user_id) REFERENCES public.accounts_customuser(id) DEFERRABLE INITIALLY DEFERRED;


--
-- Name: auth_group_permissions auth_group_permissio_permission_id_84c5c92e_fk_auth_perm; Type: FK CONSTRAINT; Schema: public; Owner: ong_user
--

ALTER TABLE ONLY public.auth_group_permissions
    ADD CONSTRAINT auth_group_permissio_permission_id_84c5c92e_fk_auth_perm FOREIGN KEY (permission_id) REFERENCES public.auth_permission(id) DEFERRABLE INITIALLY DEFERRED;


--
-- Name: auth_group_permissions auth_group_permissions_group_id_b120cbf9_fk_auth_group_id; Type: FK CONSTRAINT; Schema: public; Owner: ong_user
--

ALTER TABLE ONLY public.auth_group_permissions
    ADD CONSTRAINT auth_group_permissions_group_id_b120cbf9_fk_auth_group_id FOREIGN KEY (group_id) REFERENCES public.auth_group(id) DEFERRABLE INITIALLY DEFERRED;


--
-- Name: auth_permission auth_permission_content_type_id_2f476e4b_fk_django_co; Type: FK CONSTRAINT; Schema: public; Owner: ong_user
--

ALTER TABLE ONLY public.auth_permission
    ADD CONSTRAINT auth_permission_content_type_id_2f476e4b_fk_django_co FOREIGN KEY (content_type_id) REFERENCES public.django_content_type(id) DEFERRABLE INITIALLY DEFERRED;


--
-- Name: cart_cart cart_cart_user_id_9b4220b9_fk_accounts_customuser_id; Type: FK CONSTRAINT; Schema: public; Owner: ong_user
--

ALTER TABLE ONLY public.cart_cart
    ADD CONSTRAINT cart_cart_user_id_9b4220b9_fk_accounts_customuser_id FOREIGN KEY (user_id) REFERENCES public.accounts_customuser(id) DEFERRABLE INITIALLY DEFERRED;


--
-- Name: cart_cartitem cart_cartitem_cart_id_370ad265_fk_cart_cart_id; Type: FK CONSTRAINT; Schema: public; Owner: ong_user
--

ALTER TABLE ONLY public.cart_cartitem
    ADD CONSTRAINT cart_cartitem_cart_id_370ad265_fk_cart_cart_id FOREIGN KEY (cart_id) REFERENCES public.cart_cart(id) DEFERRABLE INITIALLY DEFERRED;


--
-- Name: cart_cartitem cart_cartitem_course_id_3fb6fc6f_fk_courses_course_id; Type: FK CONSTRAINT; Schema: public; Owner: ong_user
--

ALTER TABLE ONLY public.cart_cartitem
    ADD CONSTRAINT cart_cartitem_course_id_3fb6fc6f_fk_courses_course_id FOREIGN KEY (course_id) REFERENCES public.courses_course(id) DEFERRABLE INITIALLY DEFERRED;


--
-- Name: checkout_order checkout_order_user_id_6420a551_fk_accounts_customuser_id; Type: FK CONSTRAINT; Schema: public; Owner: ong_user
--

ALTER TABLE ONLY public.checkout_order
    ADD CONSTRAINT checkout_order_user_id_6420a551_fk_accounts_customuser_id FOREIGN KEY (user_id) REFERENCES public.accounts_customuser(id) DEFERRABLE INITIALLY DEFERRED;


--
-- Name: checkout_orderitem checkout_orderitem_course_id_d01e88e8_fk_courses_course_id; Type: FK CONSTRAINT; Schema: public; Owner: ong_user
--

ALTER TABLE ONLY public.checkout_orderitem
    ADD CONSTRAINT checkout_orderitem_course_id_d01e88e8_fk_courses_course_id FOREIGN KEY (course_id) REFERENCES public.courses_course(id) DEFERRABLE INITIALLY DEFERRED;


--
-- Name: checkout_orderitem checkout_orderitem_order_id_b464a9c2_fk_checkout_order_id; Type: FK CONSTRAINT; Schema: public; Owner: ong_user
--

ALTER TABLE ONLY public.checkout_orderitem
    ADD CONSTRAINT checkout_orderitem_order_id_b464a9c2_fk_checkout_order_id FOREIGN KEY (order_id) REFERENCES public.checkout_order(id) DEFERRABLE INITIALLY DEFERRED;


--
-- Name: courses_enrollment courses_enrollment_course_id_2631503e_fk_courses_course_id; Type: FK CONSTRAINT; Schema: public; Owner: ong_user
--

ALTER TABLE ONLY public.courses_enrollment
    ADD CONSTRAINT courses_enrollment_course_id_2631503e_fk_courses_course_id FOREIGN KEY (course_id) REFERENCES public.courses_course(id) DEFERRABLE INITIALLY DEFERRED;


--
-- Name: courses_enrollment courses_enrollment_user_id_da3de16f_fk_accounts_customuser_id; Type: FK CONSTRAINT; Schema: public; Owner: ong_user
--

ALTER TABLE ONLY public.courses_enrollment
    ADD CONSTRAINT courses_enrollment_user_id_da3de16f_fk_accounts_customuser_id FOREIGN KEY (user_id) REFERENCES public.accounts_customuser(id) DEFERRABLE INITIALLY DEFERRED;


--
-- Name: courses_lesson courses_lesson_module_id_41252914_fk_courses_module_id; Type: FK CONSTRAINT; Schema: public; Owner: ong_user
--

ALTER TABLE ONLY public.courses_lesson
    ADD CONSTRAINT courses_lesson_module_id_41252914_fk_courses_module_id FOREIGN KEY (module_id) REFERENCES public.courses_module(id) DEFERRABLE INITIALLY DEFERRED;


--
-- Name: courses_module courses_module_course_id_7d4820de_fk_courses_course_id; Type: FK CONSTRAINT; Schema: public; Owner: ong_user
--

ALTER TABLE ONLY public.courses_module
    ADD CONSTRAINT courses_module_course_id_7d4820de_fk_courses_course_id FOREIGN KEY (course_id) REFERENCES public.courses_course(id) DEFERRABLE INITIALLY DEFERRED;


--
-- Name: courses_question courses_question_course_id_4ab4aa6d_fk_courses_course_id; Type: FK CONSTRAINT; Schema: public; Owner: ong_user
--

ALTER TABLE ONLY public.courses_question
    ADD CONSTRAINT courses_question_course_id_4ab4aa6d_fk_courses_course_id FOREIGN KEY (course_id) REFERENCES public.courses_course(id) DEFERRABLE INITIALLY DEFERRED;


--
-- Name: courses_questionoption courses_questionopti_question_id_1a734007_fk_courses_q; Type: FK CONSTRAINT; Schema: public; Owner: ong_user
--

ALTER TABLE ONLY public.courses_questionoption
    ADD CONSTRAINT courses_questionopti_question_id_1a734007_fk_courses_q FOREIGN KEY (question_id) REFERENCES public.courses_question(id) DEFERRABLE INITIALLY DEFERRED;


--
-- Name: courses_quiz courses_quiz_module_id_bdbf6aed_fk_courses_module_id; Type: FK CONSTRAINT; Schema: public; Owner: ong_user
--

ALTER TABLE ONLY public.courses_quiz
    ADD CONSTRAINT courses_quiz_module_id_bdbf6aed_fk_courses_module_id FOREIGN KEY (module_id) REFERENCES public.courses_module(id) DEFERRABLE INITIALLY DEFERRED;


--
-- Name: courses_quizattempt courses_quizattempt_quiz_id_b289d1d8_fk_courses_quiz_id; Type: FK CONSTRAINT; Schema: public; Owner: ong_user
--

ALTER TABLE ONLY public.courses_quizattempt
    ADD CONSTRAINT courses_quizattempt_quiz_id_b289d1d8_fk_courses_quiz_id FOREIGN KEY (quiz_id) REFERENCES public.courses_quiz(id) DEFERRABLE INITIALLY DEFERRED;


--
-- Name: courses_quizattempt courses_quizattempt_user_id_c8575b36_fk_accounts_customuser_id; Type: FK CONSTRAINT; Schema: public; Owner: ong_user
--

ALTER TABLE ONLY public.courses_quizattempt
    ADD CONSTRAINT courses_quizattempt_user_id_c8575b36_fk_accounts_customuser_id FOREIGN KEY (user_id) REFERENCES public.accounts_customuser(id) DEFERRABLE INITIALLY DEFERRED;


--
-- Name: courses_quizquestion courses_quizquestion_question_id_c588e766_fk_courses_q; Type: FK CONSTRAINT; Schema: public; Owner: ong_user
--

ALTER TABLE ONLY public.courses_quizquestion
    ADD CONSTRAINT courses_quizquestion_question_id_c588e766_fk_courses_q FOREIGN KEY (question_id) REFERENCES public.courses_question(id) DEFERRABLE INITIALLY DEFERRED;


--
-- Name: courses_quizquestion courses_quizquestion_quiz_id_d8a2f3a5_fk_courses_quiz_id; Type: FK CONSTRAINT; Schema: public; Owner: ong_user
--

ALTER TABLE ONLY public.courses_quizquestion
    ADD CONSTRAINT courses_quizquestion_quiz_id_d8a2f3a5_fk_courses_quiz_id FOREIGN KEY (quiz_id) REFERENCES public.courses_quiz(id) DEFERRABLE INITIALLY DEFERRED;


--
-- Name: courses_studentanswer courses_studentanswe_attempt_id_06c1f17f_fk_courses_q; Type: FK CONSTRAINT; Schema: public; Owner: ong_user
--

ALTER TABLE ONLY public.courses_studentanswer
    ADD CONSTRAINT courses_studentanswe_attempt_id_06c1f17f_fk_courses_q FOREIGN KEY (attempt_id) REFERENCES public.courses_quizattempt(id) DEFERRABLE INITIALLY DEFERRED;


--
-- Name: courses_studentanswer courses_studentanswe_question_id_6cfb7b82_fk_courses_q; Type: FK CONSTRAINT; Schema: public; Owner: ong_user
--

ALTER TABLE ONLY public.courses_studentanswer
    ADD CONSTRAINT courses_studentanswe_question_id_6cfb7b82_fk_courses_q FOREIGN KEY (question_id) REFERENCES public.courses_question(id) DEFERRABLE INITIALLY DEFERRED;


--
-- Name: courses_studentanswer courses_studentanswe_selected_option_id_8a28e50c_fk_courses_q; Type: FK CONSTRAINT; Schema: public; Owner: ong_user
--

ALTER TABLE ONLY public.courses_studentanswer
    ADD CONSTRAINT courses_studentanswe_selected_option_id_8a28e50c_fk_courses_q FOREIGN KEY (selected_option_id) REFERENCES public.courses_questionoption(id) DEFERRABLE INITIALLY DEFERRED;


--
-- Name: courses_studentprogress courses_studentprogr_user_id_cb25e7c3_fk_accounts_; Type: FK CONSTRAINT; Schema: public; Owner: ong_user
--

ALTER TABLE ONLY public.courses_studentprogress
    ADD CONSTRAINT courses_studentprogr_user_id_cb25e7c3_fk_accounts_ FOREIGN KEY (user_id) REFERENCES public.accounts_customuser(id) DEFERRABLE INITIALLY DEFERRED;


--
-- Name: courses_studentprogress courses_studentprogress_lesson_id_d23deb08_fk_courses_lesson_id; Type: FK CONSTRAINT; Schema: public; Owner: ong_user
--

ALTER TABLE ONLY public.courses_studentprogress
    ADD CONSTRAINT courses_studentprogress_lesson_id_d23deb08_fk_courses_lesson_id FOREIGN KEY (lesson_id) REFERENCES public.courses_lesson(id) DEFERRABLE INITIALLY DEFERRED;


--
-- Name: courses_studentprogress courses_studentprogress_quiz_id_e26cf54a_fk_courses_quiz_id; Type: FK CONSTRAINT; Schema: public; Owner: ong_user
--

ALTER TABLE ONLY public.courses_studentprogress
    ADD CONSTRAINT courses_studentprogress_quiz_id_e26cf54a_fk_courses_quiz_id FOREIGN KEY (quiz_id) REFERENCES public.courses_quiz(id) DEFERRABLE INITIALLY DEFERRED;


--
-- Name: django_admin_log django_admin_log_content_type_id_c4bce8eb_fk_django_co; Type: FK CONSTRAINT; Schema: public; Owner: ong_user
--

ALTER TABLE ONLY public.django_admin_log
    ADD CONSTRAINT django_admin_log_content_type_id_c4bce8eb_fk_django_co FOREIGN KEY (content_type_id) REFERENCES public.django_content_type(id) DEFERRABLE INITIALLY DEFERRED;


--
-- Name: django_admin_log django_admin_log_user_id_c564eba6_fk_accounts_customuser_id; Type: FK CONSTRAINT; Schema: public; Owner: ong_user
--

ALTER TABLE ONLY public.django_admin_log
    ADD CONSTRAINT django_admin_log_user_id_c564eba6_fk_accounts_customuser_id FOREIGN KEY (user_id) REFERENCES public.accounts_customuser(id) DEFERRABLE INITIALLY DEFERRED;


--
-- Name: orgs_orgmember orgs_orgmember_organization_id_1a4e33cd_fk_orgs_organization_id; Type: FK CONSTRAINT; Schema: public; Owner: ong_user
--

ALTER TABLE ONLY public.orgs_orgmember
    ADD CONSTRAINT orgs_orgmember_organization_id_1a4e33cd_fk_orgs_organization_id FOREIGN KEY (organization_id) REFERENCES public.orgs_organization(id) DEFERRABLE INITIALLY DEFERRED;


--
-- Name: orgs_orgmember orgs_orgmember_user_id_a427b50c_fk_accounts_customuser_id; Type: FK CONSTRAINT; Schema: public; Owner: ong_user
--

ALTER TABLE ONLY public.orgs_orgmember
    ADD CONSTRAINT orgs_orgmember_user_id_a427b50c_fk_accounts_customuser_id FOREIGN KEY (user_id) REFERENCES public.accounts_customuser(id) DEFERRABLE INITIALLY DEFERRED;


--
-- Name: orgs_orgpackage orgs_orgpackage_organization_id_25602426_fk_orgs_orga; Type: FK CONSTRAINT; Schema: public; Owner: ong_user
--

ALTER TABLE ONLY public.orgs_orgpackage
    ADD CONSTRAINT orgs_orgpackage_organization_id_25602426_fk_orgs_orga FOREIGN KEY (organization_id) REFERENCES public.orgs_organization(id) DEFERRABLE INITIALLY DEFERRED;


--
-- Name: orgs_orgpackageitem orgs_orgpackageitem_course_id_961aa04e_fk_courses_course_id; Type: FK CONSTRAINT; Schema: public; Owner: ong_user
--

ALTER TABLE ONLY public.orgs_orgpackageitem
    ADD CONSTRAINT orgs_orgpackageitem_course_id_961aa04e_fk_courses_course_id FOREIGN KEY (course_id) REFERENCES public.courses_course(id) DEFERRABLE INITIALLY DEFERRED;


--
-- Name: orgs_orgpackageitem orgs_orgpackageitem_org_package_id_65d67635_fk_orgs_orgp; Type: FK CONSTRAINT; Schema: public; Owner: ong_user
--

ALTER TABLE ONLY public.orgs_orgpackageitem
    ADD CONSTRAINT orgs_orgpackageitem_org_package_id_65d67635_fk_orgs_orgp FOREIGN KEY (org_package_id) REFERENCES public.orgs_orgpackage(id) DEFERRABLE INITIALLY DEFERRED;


--
-- Name: orgs_orgseatassignment orgs_orgseatassignme_assigned_to_user_id_2e11387c_fk_accounts_; Type: FK CONSTRAINT; Schema: public; Owner: ong_user
--

ALTER TABLE ONLY public.orgs_orgseatassignment
    ADD CONSTRAINT orgs_orgseatassignme_assigned_to_user_id_2e11387c_fk_accounts_ FOREIGN KEY (assigned_to_user_id) REFERENCES public.accounts_customuser(id) DEFERRABLE INITIALLY DEFERRED;


--
-- Name: orgs_orgseatassignment orgs_orgseatassignme_organization_id_c4e67e16_fk_orgs_orga; Type: FK CONSTRAINT; Schema: public; Owner: ong_user
--

ALTER TABLE ONLY public.orgs_orgseatassignment
    ADD CONSTRAINT orgs_orgseatassignme_organization_id_c4e67e16_fk_orgs_orga FOREIGN KEY (organization_id) REFERENCES public.orgs_organization(id) DEFERRABLE INITIALLY DEFERRED;


--
-- Name: orgs_orgseatassignment orgs_orgseatassignment_course_id_e94cbcb1_fk_courses_course_id; Type: FK CONSTRAINT; Schema: public; Owner: ong_user
--

ALTER TABLE ONLY public.orgs_orgseatassignment
    ADD CONSTRAINT orgs_orgseatassignment_course_id_e94cbcb1_fk_courses_course_id FOREIGN KEY (course_id) REFERENCES public.courses_course(id) DEFERRABLE INITIALLY DEFERRED;


--
-- PostgreSQL database dump complete
--

\unrestrict Vrpiv1N8mAdSinQLQNQyD5HQaQ0MP59J2hw8bVfcLxak5p5korqRqthOVzM4eiq

